Product List;;
Choice Foods;;
;;
Product Name;Description; Price 
BAKERY:ABP001;ANGEL'S BAKERY ARTISAN WHITE PITA 5.5 INCH 60 PCS; $33,00 
BAKERY:BAKERY;;
BAKERY:MAB001;MODA ANATOLIAN CHEESE PASTRY 16/10.5 OZ; $94,00 
BAKERY:MAB002;MODA ANATOLIAN CHEESE PASTRY 12 PCS 5.5 LBS; $37,00 
BAKERY:MBP001;MODA BOYOZ IZMIR PASTRY 144 PCS; $138,00 
BAKERY:MMB001;MODA MOM'S BOREK MINI SPIRAL SPINACH & CHEESE 60/150 GR; $58,00 
BAKERY:MMB002;MODA MOM'S BOREK MINI SPIRAL WHITE CHEESE 60/150 GR; $58,00 
BAKERY:MMB003;MODA MOM'S BOREK MINI SPIRAL POTATO 60/150 GR; $58,00 
BAKERY:MOA001;MODA ACMA SOFT BAGEL PLAIN 15/2 PCS (4 OZ); $38,00 
BAKERY:MOA002;MODA ACMA SOFT BAGEL CHOCOLATE 15/2 PCS (4 OZ); $38,00 
BAKERY:MODA023;MODA SIMIT 16/4 PCS; $72,80 
BAKERY:MOGO001;MODA STUFFED FLATBREAD GOZLEME W/WHITE CHEESE 12/15.5 OZ; $68,00 
BAKERY:MOGO002;MODA STUFFED FLATBREAD GOZLEME W/SPINACH & CHEESE 12/15.5 OZ; $68,00 
BAKERY:MOP003;MODA PIDE MOZZARELLA W/TOMATO 3 PCS 12/14.3 OZ; $74,40 
BAKERY:MOPO001;MODA POGACA PLAIN 18/110 GR; $43,00 
BAKERY:MOPO002;MODA POGACA W/MOZZARELLA 18/110 GR; $45,50 
BAKERY:MOPO003;MODA POGACA W/POTATO 18/110 GR; $45,50 
BAKERY:MOPO004;MODA POGACA W/FETA CHEESE 18/110 GR; $45,50 
BAKERY:MOPO005;MODA POGACA W/OLIVES 18/110 GR; $45,50 
BAKERY:MR018;MODA POTATO PASTRY ROLLS 16/16 OZ RETAIL PACK; $99,00 
BAKERY:MSB001;MODA THREE CHEESE PASTRY SU BOREGI 16/10 OZ; $84,00 
BAKERY:MSB002;MODA THREE CHEESE PASTRY SU BOREGI 2.75 LBS; $21,00 
BAKERY:MSP001;MODA SPIRAL PIE SPINACH & CHEESE 10/2 LBS; $72,00 
BAKERY:MSP002;MODA SPIRAL PIE POTATO 10/2 LBS; $72,00 
BAKERY:MSP003;MODA SPIRAL PIE FETA CHEESE 10/2 LBS; $72,00 
BAKERY:RK001;RUKAK AL SALAM 10/400 GR; $39,00 
CANDY:BNT001;BOUNTY  24 / 57 G.; $23,50 
CANDY:BON001;BON-O-BON 30/15 GR; $8,00 
CANDY:DMK001;NESTLE DAMAK CHOCOLATE 6/60 GR; $11,40 
CANDY:FLK001;CADBURY FLAKE 48/32 GR; $52,00 
CANDY:GLX001;GALAXY CHOCOLATE  24/42 GR; $30,00 
CANDY:GLX002;GALAXY RIPPLE 36/33 GR; $42,00 
CANDY:GUM001;HEART SHAPED GUM 100 PCS; $3,50 
CANDY:KIT001;NESTLE KITKAT 24/4 FINGERS; $21,00 
CANDY:KND001;FERRERO HANUTA WAFER 18 / 2PC; $22,50 
CANDY:KND002;FERRERO KINDER BUENO 30 X 43G; $29,50 
CANDY:KND003;FERRERO KINDER CHOCOLATE 100G (8PC) X 40; $63,00 
CANDY:KND006;KINDER HAPPY HIPPO COCOA 10/(5*22GR); $34,50 
CANDY:KND007;KINDER JOY EGGS 24 PCS; $32,00 
CANDY:KND010;FERRERO KINDER BUENO WHITE 30 X 43G; $29,50 
CANDY:KND012;KINDER CHOCOLATE 20 / 50 G.; $21,00 
CANDY:MDC001;MODA DUBAI CHOCOLATE W/PISTACHIO AND KATAIFI 6/200 GR; $72,00 
CANDY:MDC002;MODA DUBAI CHOCOLATE W/PISTACHIO AND KATAIFI 12/95 GR; $72,00 
CANDY:MDC003;MODA DUBAI CHOCOLATE W/PISTACHIO AND KATAIFI 36/20 GR; $48,00 
CANDY:MLT002;MALTESERS 25/37 GR; $27,00 
CANDY:NST008;NESTLE SMARTIES 24/38 GR; $27,00 
CANDY:RDC001;REEF DUBAI CHOCOLATE 10/95 GR; $54,00 
CANDY:SNK001;SNICKERS 40/50 GR; $34,00 
CANDY:TBL001;TOBLERONE MILK CHOCOLATE 20/100 GR; $36,00 
CANDY:UKC008;MARS CHOCOLATE 24/51 GR; $22,00 
CANDY:ULK033;ULKER CHOC. W/PISTACHIOS 6/70 GR; $16,80 
CANDY:ULK034;ULKER DARK CHOC. W/PISTACHIOS 6/80 GR; $14,80 
CHEESES:ALH001;AL HALOUB ROMI CHEESE SLICED 24/250 GR; $108,50 
CHEESES:ALH013;AL HALOUB ROMI CHEESE WHEEL  PER LB; $6,95 
CHEESES:ARZ003;ARZ LABNE KEFIR CHEESE 12/1 LB; $37,80 
CHEESES:BYB001;BYBLOS LEBNI 12/1 LB; $39,80 
CHEESES:CHEESES;; $-   
CHEESES:DL004;DANISH DOMIATI CHEESE 14/16 OZ; $84,00 
CHEESES:DLD001;DOMYATLAND DOMYATY 4/2 KG; $68,00 
CHEESES:FAY001;FAYOUMI CHEESE 4/2 KG IN TIN; $80,00 
CHEESES:GF001;GHARIBIAN FARM MESHALLALEH CHEESE 15 LBS; $129,95 
CHEESES:GF003;GHARIBIAN FARM STRING (TWIST) CHEESE W/SEEDS  15 LBS; $129,95 
CHEESES:GF004;GHARIBIAN FARM STRING (TWIST) CHEESE MARINATED 15 LBS; $129,95 
CHEESES:GF009;GHARIBIAN FARM SWEET CHEESE VACUUM 15 LB; $95,95 
CHEESES:GLS135;GREENLAND NABULSI CHEESE 4 KG; $52,00 
CHEESES:GLS136;GREENLAND NABULSI CHEESE 2 KG; $30,00 
CHEESES:HDC001;HALAYEB KATILO DOMIATY CHEESE IN CAN 4/2 KG; $89,00 
CHEESES:HKC001;AL HALOUB KARISH CHEESE 12/2 LB; $87,00 
CHEESES:KC001;KRAFT CHEDDAR CHEESE 36/190 GR CAN; $96,00 
CHEESES:KRN001;KAROUN ACKAWI CHEESE 25 LB PAIL; $169,50 
CHEESES:KRN004;KAROUN NABULSI JAR 12/20 oz.; $119,80 
CHEESES:KRN005;KAROUN AKAWI JAR 12/20 oz; $119,80 
CHEESES:KRN011;KAROUN LABNE KEFIR CHEESE 6/3 LBS; $51,85 
CHEESES:MAC001;MALAWY CHEESE 4/2 KG TIN; $77,00 
CHEESES:MKC001;MODA KUNEFE SWEET CHEESE 16/1 LB; $83,20 
CHEESES:MOC003;MODA EZINE MIX CHEESE SLICED BLACK LABEL 8/16 OZ; $63,70 
CHEESES:MOC005;MODA HALLOUMI CHEESE 24/8 OZ; $93,60 
CHEESES:MOC007;MODA ERZINCAN TULUM CHEESE 24/8 OZ; $99,80 
CHEESES:MOC008;MODA IZMIR TULUM CHEESE 8/10.5 OZ; $48,00 
CHEESES:MOC011;MODA KASHKAVAL CHEESE 12/600 GR; $98,00 
CHEESES:MOC012;MODA TURKISH BUTTER 12/500 GR; $98,00 
CHEESES:MOC013;MODA CAVE AGED KASHKAVAL CHEESE 12/300 GR; $76,80 
CHEESES:MOC021;MODA DANISH CHEESE RED TOP 6/800 GR; $69,80 
CHEESES:MOC022;MODA DANISH CHEESE COMBI 6/800 GR; $48,00 
CHEESES:MORTA001;HALAYEB FARM MORTA 12/1 KG; $72,00 
CHEESES:NRC001;NOUR ROMI CHEESE WHEEL PER LB; $6,25 
CHEESES:PIN001;PINDOS HALLOUMI 24/200 GR; $85,00 
CHEESES:ULKC006;ICIM TURKISH LABNE 12/750 GR; $93,60 
CHEESES:ULKC007;ICIM TURKISH LABNE 12/550GR; $69,95 
COOKIES:AWC001;ABU WALAD SANDWICH BISCUIT 48/110 GR; $28,00 
COOKIES:BLC003;BALCONI TRANCETTO APRICOT 15/280G; $39,80 
COOKIES:BLC004;BALCONI TRANCETTO COCOA 15/280G; $39,80 
COOKIES:BLC005;BALCONI TRANCETTO STRAWBERRY 15/280G; $39,80 
COOKIES:BLC008;BALCONI MIX MAX COCOA 15/350GR; $51,60 
COOKIES:BLC009;BALCONI CHOCO & LATTE 15/300GR; $47,80 
COOKIES:BLC010;BALCONI MIX MAX COCONUT 15/350GR; $51,60 
COOKIES:BLC011;BALCONI MIX MILK 15/350GR; $51,60 
COOKIES:BLC015;BALCONI MIX MAX FONDENTE DARK CHOCOLATE 15/350 GR; $51,60 
COOKIES:COOKIES;; $-   
COOKIES:EW001;ELLEDI PARTY WAFERS HAZELNUT 10/250 GR; $25,75 
COOKIES:EW002;ELLEDI PARTY WAFERS CHOCOLATE 10/250 GR; $25,75 
COOKIES:EW003;ELLEDI PARTY WAFERS CAPPUCINO 10/250 GR; $25,75 
COOKIES:EW004;ELLEDI PARTY WAFERS VANILLA 10/250 GR; $25,75 
COOKIES:EW005;ELLEDI PARTY WAFERS ORANGE 10/250 GR; $25,75 
COOKIES:EW006;ELLEDI PARTY WAFERS CHOC. COVERED PLAISIR 10/250 GR; $33,75 
COOKIES:EW007;ELLEDI PARTY WAFERS LEMON 10/250 GR; $25,75 
COOKIES:EW008;ELLEDI PARTY WAFERS COCONUT 10/250 GR; $25,75 
COOKIES:EW009;ELLEDI PARTY WAFERS STRAWBERRY 10/250 GR; $25,75 
COOKIES:EW010;ELLEDI PARTY WAFERS HAZELNUT -SUGAR FREE 10/250 GR; $25,75 
COOKIES:EW011;ELLEDI PARTY WAFERS CHOCOLATE-SUGAR FREE 10/250 GR; $25,75 
COOKIES:GUL001;GULLON SF CHOCO CHIPS 20/4.41OZ; $31,80 
COOKIES:GUL002;GULLON MARIA 4 PK 6/800 GR; $23,80 
COOKIES:GUL003;GULLON MARIA COOKIES 16/7OZ (200G); $16,80 
COOKIES:GUL004;GULLON MARIA 3 PK 10/21OZ (600GR); $24,50 
COOKIES:GUL005;GULLON SF MARIA BOX 10/14.1 OZ; $26,80 
COOKIES:GUL007;GULLON SF MARIA 16/7OZ (200GR); $26,95 
COOKIES:GUL008;GULLON SF SHORT BREAD (DORADA)15/11OZ; $43,80 
COOKIES:GUL010;GULLON DIGESTIVE COOKIES 20/14OZ (400GR); $31,80 
COOKIES:GUL012;GULLON TEA & COFFEE COOKIE 12/28OZ; $45,80 
COOKIES:GUL016;GULLON MEGA DUO CHOCOLATE SANDWICH 20X500G; $49,80 
COOKIES:GUL019;GULLON SF DIGESTIVE COOKIES 15/14.1OZ (400GR); $42,80 
COOKIES:GUL020;GULLON MEGA DUO VANILLA SANDWICH 20X500G; $49,80 
COOKIES:GUL024;GULLON SF FIBER COOKIES 16/6 OZ; $28,40 
COOKIES:LFG001;GULLON LADY FINGERS 6/400 GR; $21,00 
COOKIES:LOA003;LOACKER GARDENA WAFERS ASSTD FLOOR DISPLAY 96/200 GR; $398,40 
COOKIES:LOA004;LOACKER CLASSIC WAFERS ASSTD FLOOR DISPLAY 96/175 GR; $259,80 
COOKIES:LOA005;LOACKER CLASSIC WAFERS HAZELNUT 18/175 GR; $48,80 
COOKIES:LOA006;LOACKER CLASSIC WAFERS CHOCOLATE 18/175 GR; $48,80 
COOKIES:LOA007;LOACKER CLASSIC WAFERS VANILLA 18/175 GR; $48,80 
COOKIES:LOA008;LOACKER CLASSIC WAFERS MILK18/175 GR; $48,80 
COOKIES:LOA013;LOACKER GARDENA CHOCOLATE WAFERS 10/200 GR; $41,50 
COOKIES:LOA014;LOACKER GARDENA HAZELNUT WAFERS 10/200 GR; $41,50 
COOKIES:MCV001;MCVITIES DIGESTIVE COOKIES 'ORIGINAL' 12/400 GR; $33,00 
COOKIES:SIRO001;SIRO DIGESTIVE COOKIES 20/14 OZ; $37,80 
COOKIES:ULK001;ULKER ALBENI RING 12/344GR; $46,00 
COOKIES:ULK002;ULKER FINGER COOKIES 5/750 GR; $24,80 
COOKIES:ULK003;ULKER BISKREM COCOA 12/205GR; $27,00 
COOKIES:ULK005;ULKER CHOCO SANDWICH 12/300GR; $29,00 
COOKIES:ULK010;ULKER TEA BISCUIT 16/175GR; $16,80 
COOKIES:ULK011;ULKER TEA BISCUITS 5/1KG; $19,95 
COOKIES:ULK012;ULKER HALLEY BISCUIT 12/300GR; $37,00 
COOKIES:ULK019;ULKER TEA BISCUITS 10/400 GR; $19,80 
DATES:AD001;ALYA DEGLET NOUR DATES W/BRANCH 12/2 LBS; $91,80 
DATES:AJW001;AJWA AL MADINA DATES 10/1 KG; $189,00 
DATES:AMD001;AL MADINA DATES 12/ 2 LB; $96,00 
DATES:DATES;;
DATES:DD001;DRY DATES 30 LBS; $79,00 
DATES:KID001;AL REEF KIMIA DATES 12/550 GR; $49,00 
DATES:PRD002;REEF DATE PASTE 12/1 KG; $36,00 
DATES:RDS001;REEF DATE SYRUP 12/900 GR; $54,60 
DATES:RDS002;REEF DATE SYRUP ORGANIC 12/680 GR; $58,50 
DATES:RKD001;EL AHSA KHALAS DATES 8/1 KG; $44,00 
DATES:RPD001;REEF ORGANIC PITTED DATES 12/24 OZ; $49,80 
DATES:SAD001;SAFAWI DATES 8/1 KG; $95,00 
DATES:SAG001;REEF SAGEI DATES 8/1 KG VACUUM; $42,00 
DATES:SKD002;SAUDI KHALAS DATES W/SESAME 8/1 KG; $45,00 
DATES:SUK003;SUKKARI KASEEM DATES 4/3 KG; $98,00 
DATES:SUK005;SUKKARI AL KASEEM DATES ROUND 10/1 KG; $98,00 
DATES:TDND002;AL REEF TUNISIAN GOLDEN DEGLET NOUR DATES W/BRANCH 12/1 KG; $93,60 
DATES:ZMD001;ZIYAD MEDJOOL DATES LARGE 11 LBS; $57,60 
DESSERT MIX:DESSERT MIX;; $-   
DESSERT MIX:HES001;BASBOSA W/COCONUT 24/440 GR; $39,00 
DESSERT MIX:NOON001;NOON JELLO STRAWBERRY 12/85 GR; $11,00 
DESSERT MIX:NOON002;NOON JELLO APRICOT 12/85 GR; $11,00 
DESSERT MIX:NOON003;NOON JELLO BANANA 12/85 GR; $11,00 
DESSERT MIX:NOON004;NOON JELLO CHERRY 12/85 GR; $11,00 
DESSERT MIX:NOON005;NOON JELLO MANGO 12/85 GR; $11,00 
DESSERT MIX:NOON006;NOON JELLO ORANGE 12/85 GR; $11,00 
DESSERT MIX:NOON007;NOON JELLO RASPBERRY 12/85 GR; $11,00 
DESSERT MIX:NOON008;NOON JELLO STRAWBERRY/BANANA 12/85 GR; $11,00 
DESSERT MIX:NOON009;NOON JELLO GRAPE 12/85 GR; $11,00 
DESSERT MIX:NOON010;NOON CREM CARAMEL 12/73 GR; $12,50 
DESSERT MIX:NOON011;NOON CUSTARD 24/300 GR CANS; $63,80 
DESSERT MIX:NOON013;NOON BAKING POWDER 24/230 GR; $62,00 
DESSERT MIX:NOON014;NOON VANILLA POWDER 24/170 GR; $62,00 
DESSERT MIX:NOON016;NOON TOPPING CREAM 24/144 GR; $73,80 
DESSERT MIX:NOON017;NOON COCOA POWDER 24/100 GR; $69,80 
DESSERT MIX:NOON024;NOON JELLO APPLE 12/85 GR; $11,00 
DESSERT MIX:OA001;OM ALI W/KESHTA 6/449 GR; $13,00 
DESSERT MIX:OA002;OM ALI W/NUTS 6/160 GR; $13,00 
DRINKS:ACJ001;AZUL COCONUT JUICE GLASS 24/290 ML; $28,00 
DRINKS:BEY001;BEYPAZARI MINERAL WATER 24/200 ML; $8,95 
DRINKS:BRB001;BARBICAN PLAIN 24/330 ML; $32,00 
DRINKS:BRB003;BARBICAN APPLE 24/330 ML; $32,00 
DRINKS:BRB004;BARBICAN RASPBERRY 24/330 ML; $32,00 
DRINKS:BRB005;BARBICAN STRAWBERRY 24/330 ML; $32,00 
DRINKS:BRB006;BARBICAN PINEAPPLE 24/330 ML; $32,00 
DRINKS:BRB007;BARBICAN LEMON 24/330 ML; $32,00 
DRINKS:BRB008;BARBICAN PEACH 24/330 ML; $32,00 
DRINKS:BRB009;BARBICAN POMEGRANATE 24/330 ML; $32,00 
DRINKS:BTS001;BEIRUT TAMARIND SYRUP 12/20 OZ; $42,00 
DRINKS:CED001;CARABAO ENERGY DRINK 24/250 ML; $19,60 
DRINKS:DIDI001;DIDI TURKISH ICE TEA PEACH 24/330 ML; $20,00 
DRINKS:DIDI002;DIDI TURKISH ICE TEA BERGAMOT 24/330 ML; $20,00 
DRINKS:DRINKS;; $-   
DRINKS:DRP001;DRINK PALESTINA COLA 24/12 OZ; $24,00 
DRINKS:DRP002;DRINK PALESTINA SUGAR FREE COLA 24/12 OZ; $24,00 
DRINKS:DRP003;DRINK PALESTINA LEMON LIME 24/12 OZ; $24,00 
DRINKS:DRP004;DRINK PALESTINA ORANGE 24/12 OZ; $24,00 
DRINKS:GED001;GINSENG ENERGY DRINK 24/250 ML; $23,95 
DRINKS:HAN001;HANA RIBON BANANA MILK 24/265 GR; $32,50 
DRINKS:HEL001;HELW EL SHAM MOGHAT 48/180 GR; $52,00 
DRINKS:INIS001;INISDIBI MINERAL WATER 24/200 ML; $9,95 
DRINKS:KDD003;KDD STRAWBERRY MILK 18/180 ML; $22,00 
DRINKS:KIZ001;KIZILAY MINERAL WATER 24/200 ML; $9,95 
DRINKS:MAN001;MARCA MANGO NECTAR 24/250 ML; $12,50 
DRINKS:MAN002;MARCA POMEGRANATE NECTAR 6/1 LT; $12,00 
DRINKS:MID001;MISSION IRAQI DRINK ORANGE 24/250 ML; $24,00 
DRINKS:MIR001;MIRINDA ORANGE 24/330 ML; $24,00 
DRINKS:MIR002;MIRINDA APPLE 24/300 ML; $27,00 
DRINKS:MJ001;MIRA MANGO JUICE GLASS 6/1 LT; $15,50 
DRINKS:MJ002;MIRA APRICOT JUICE GLASS 6/1 LT; $15,50 
DRINKS:MJ004;MIRA WHITE GUAVA JUICE GLASS 6/1 LT; $15,50 
DRINKS:MJ005;MIRA PINK GUAVA JUICE GLASS 6/1 LT; $15,50 
DRINKS:MJ006;MIRA WHITE GUAVA JUICE GLASS 24/250ML; $16,50 
DRINKS:MJ007;MIRA PINK GUAVA JUICE GLASS 24/250ML; $16,50 
DRINKS:MJ008;MIRA MANGO JUICE GLASS 24/250ML; $16,50 
DRINKS:MJ009;MIRA MANGO JUICE TP 12/1 LT; $22,00 
DRINKS:MJ010;MIRA WHITE GUAVA JUICE TP 12/1 LT; $22,00 
DRINKS:MJ015;MIRA PINK GUAVA JUICE TP 12/1 LT; $22,00 
DRINKS:MJ016;MIRA COCKTAIL JUICE TP 12/1 LT; $22,00 
DRINKS:MJ018;MIRA MANGO JUICE 27/200 ML; $12,50 
DRINKS:MJ019;MIRA WHITE GUAVA JUICE 27/200 ML; $12,50 
DRINKS:MJ020;MIRA PINK GUAVA JUICE 27/200 ML; $12,50 
DRINKS:MJ021;MIRA COCKTAIL JUICE 27/200 ML; $12,50 
DRINKS:MJ023;MIRA STRAWBERRY/BANANA JUICE 27/200 ML; $12,50 
DRINKS:MOU001;MOUSSY APPLE 24/330 ML; $28,00 
DRINKS:MOU002;MOUSSY STRAWBERRY 24/330 ML; $28,00 
DRINKS:MOU003;MOUSSY POMEGRANATE 24/330 ML; $28,00 
DRINKS:MOU004;MOUSSY LEMON/MINT 24/330 ML; $28,00 
DRINKS:MOU005;MOUSSY ICEBERRY 24/330 ML; $28,00 
DRINKS:MOU006;MOUSSY PLAIN 24/330 ML; $28,00 
DRINKS:MOU007;MOUSSY PEACH 24/330 ML; $28,00 
DRINKS:MOU008;MOUSSY RASPBERRY 24/330 ML; $28,00 
DRINKS:MTJ003;MODA SALGAM CLASSIC 24/250 ML; $22,00 
DRINKS:MTJ004;MODA SALGAM HOT 24/250 ML; $22,00 
DRINKS:PEP001;PEPSI IRAQI 24/300 ML; $22,00 
DRINKS:RD001;REEF JUICE CAN POMEGRANATE 24/240 ML; $15,80 
DRINKS:RD002;REEF JUICE CAN ORANGE 24/240 ML; $14,50 
DRINKS:RD003;REEF JUICE CAN MANGO 24/240 ML; $14,50 
DRINKS:RD004;REEF JUICE CAN PEACH 24/240 ML; $14,50 
DRINKS:RD005;REEF JUICE CAN PINEAPPLE 24/240 ML; $14,50 
DRINKS:RIDP001;REEF INSTANT DRINK POWDER 15/1 KG; $72,00 
DRINKS:SCH001;SCHWEPPES TANGERINE FLAVOR 24/330 ML CANS; $24,00 
DRINKS:SCH002;SCHWEPPES LEMON/MINT DRINK 12/250 ML GLASS; $14,50 
DRINKS:SCH004;SCHWEPPES PINEAPPLE DRINK 12/250 ML GLASS; $12,00 
DRINKS:SCH005;SCHWEPPES POMEGRANATE DRINK 24/330 ML CANS; $24,00 
DRINKS:SCH006;SCHWEPPES BITTER LEMON  24/330 ML CANS; $24,00 
DRINKS:SD001;SHANI DRINK 24/300 ML CANS; $21,00 
DRINKS:SEV001;7 UP IRAQI 24/300 ML; $22,00 
DRINKS:SIN001;SINALCO IRAQI SODA LEMON 24/300 ML; $24,00 
DRINKS:SIN002;SINALCO IRAQI SODA ORANGE 24/300 ML; $24,00 
DRINKS:SIN003;SINALCO IRAQI COLA 24/330 ML; $24,00 
DRINKS:SIN004;SINALCO IRAQI SODA CITO 24/300 ML; $24,00 
DRINKS:SIR001;SIRMA MINERAL WATER 24/200 ML; $8,95 
DRINKS:SIR002;SIRMA MINERAL WATER TANGERINE 24/200 ML; $12,00 
DRINKS:SRK001;SARIKIZ MINERAL WATER 24/250 ML; $8,95 
DRINKS:SRK002;SARIKIZ MINERAL WATER LEMON 24/200 ML; $12,00 
DRINKS:SRK003;SARIKIZ MINERAL WATER APPLE 24/200 ML; $12,00 
DRINKS:SRK004;SARIKIZ MINERAL WATER WATERMELON/STRAWBERRY 24/200 ML; $12,00 
DRINKS:SRK005;SARIKIZ MINERAL WATER POMEGRANATE 24/200 ML; $12,00 
DRINKS:ST001;SUN COLA 24/250 ML; $18,00 
DRINKS:ST002;SUN TOP ORANGE  24/250 ML; $18,00 
DRINKS:ST003;SUN TOP MIX FRUIT  24/250 ML; $18,00 
DRINKS:ULU002;ULUDAG PLAIN GAZOZ 24/330ML; $24,00 
DRINKS:VC001;VITRAC APRICOT CONCENTRATE 12/0.7 LT; $45,00 
DRINKS:VC002;VITRAC TAMERHINDY CONCENTRATE 12/0.7 LT; $45,00 
DRINKS:ZW001;ZAM ZAM WATER 12/500 ML; $32,80 
FETA:BF005;RODOPA BULGARIAN FETA 12/2 LB; $119,80 
FETA:BF006;RODOPA BULGARIAN FETA 12/400 GR; $66,80 
FETA:DL001;DAIRYLAND PIKNIK CHEESE 6/ 400 GR; $51,80 
FETA:DL002;DAIRYLAND PIKNIK CHEESE RED CAP 6/800 GR; $85,90 
FETA:DL003;DAIRYLAND YUMUSAK FULL FAT FETA CHEESE 6/800 GR; $75,80 
FETA:DL005;DAIRYLAND BOREK CHEESE 40% 6/800 GR; $78,90 
FETA:DL006;DAIRYLAND PIKNIK GOAT FETA 6/800 GR; $83,80 
FETA:FETA;; $-   
FETA:GLF001;GREEN LAND FETA ISTANBULI CHEESE 24/500 GR; $59,80 
FETA:GLF002;GREEN LAND FETA LIGHT CHEESE 24/500 GR; $59,80 
FETA:GLF003;GREEN LAND FETA CHEESE 24/500 GR; $59,80 
FETA:GLF004;GREEN LAND FETA CHEESE LOW SALT 24/500 GR; $59,80 
FETA:GLF005;GREEN LAND FETA CHEESE CREAMY 24/500 GR; $59,80 
FETA:GLF006;GREENLAND ISTANBULI CHEESE 8/1 KG; $52,00 
FETA:GLF007;GREENLAND DOMIATY CHEESE 8/1 KG; $52,00 
FETA:GLF008;GREENLAND DOUBLE CREME CHEESE 8/1 KG; $52,00 
FETA:GLF011;GREENLAND BARAMILI CHEESE 8/1 KG; $52,00 
FETA:KBF001;KRINOS BULGARIAN FETA 12/400 GR; $67,80 
FETA:KBF002;KRINOS BULGARIAN FETA 12/900 GR; $129,80 
FETA:KBF003;KRINOS BULGARIAN FETA 5 GL; $96,00 
FETA:VLB001;VALBRESO 8/600 GR; $84,80 
FILLO:AMAN001;AMAN SAMOSA SHEETS 40/9 OZ; $52,00 
FILLO:APL001;APOLLO FILLO #4 24/1 LB.; $79,90 
FILLO:APL004;APOLLO KATAIFI 12/1LB; $49,90 
FILLO:DP001;DAWN PARATHA FAMILY PACK 4/30 PCS; $35,00 
FILLO:DP002;DAWN PARATHA PLAIN  24 / 5 PCS; $35,00 
FILLO:FILLO;; $-   
FILLO:MF001;MODA FILLO #4 24/1 LB; $67,00 
FILLO:MF002;MODA KATAIFI DOUGH 12/1 LB; $39,00 
FILLO:MRV001;MERVE TRIANGLE PASTRY LEAVES 16/400GR; $44,00 
FILLO:SSS001;SALAM SAMOSA SHEETS 24/400 GR; $68,00 
FILLO:TYJ001;"TYJ SPRING ROLL 8"" 40/25 PCS"; $55,00 
Fin Chg;Finance Charges on Overdue Balance; $-   
FOODSERVICE:ATH001;ATHENA STUFFED GRAPE LEAVES 6/2 KG; $52,95 
FOODSERVICE:CB001;COARSE BULGUR 55 LBS; $46,00 
FOODSERVICE:CKP001;CHICKPEAS 50 LBS; $57,00 
FOODSERVICE:DM001;DRIED MINT 5 LBS; $25,00 
FOODSERVICE:FAVA001;FAVA BEANS MEDIUM 50 LBS; $46,00 
FOODSERVICE:FAVA002;SPLIT FAVA BEANS MEDIUM 50 LBS; $52,00 
FOODSERVICE:FB001;FINE BULGUR 55 LBS; $46,00 
FOODSERVICE:FIDE001;FIDE ROASTED EGGPLANTS 6/2500 GR; $36,00 
FOODSERVICE:FOODSERVICE;; $-   
FOODSERVICE:GLS147;GREENLAND RED CRUSHED CHILI 33 LB BUCKET; $42,00 
FOODSERVICE:KLM001;KALAMATA OLIVES (GREEK) PITTED 10 KG; $84,00 
FOODSERVICE:MAJ001;MARMIA SOUR CHERRY JAM 6/1500 GR; $54,00 
FOODSERVICE:MAP001;MARAS RED PEPPER 5 LBS; $32,00 
FOODSERVICE:MDO002;MODA CHICKEN DONER CONE 2/25 LBS; $254,00 
FOODSERVICE:MDO003;MODA DONER CONE 100% LEAF (20% LAMB, 80% BEEF) 25 LB; $180,00 
FOODSERVICE:MFP001;MODA FALAFEL PRE-COOKED 4/36 PCS; $54,00 
FOODSERVICE:MGE001;MODA GRILLED EGGPLANT 6/6 LBS; $45,00 
FOODSERVICE:MKI002;MODA KIBBEH W/BEEF 5 BAGS X 25 PCS; $144,00 
FOODSERVICE:MM002;MODA TURKISH MANTI BEEF DUMPLING 4/5 LBS; $104,00 
FOODSERVICE:MOT001;MODA TAHINI 40 LBS; $112,00 
FOODSERVICE:MPM002;MODA POMEGRANATE MOLASSES 6/9 LBS; $90,00 
FOODSERVICE:MPP001;MODA PEPPER PASTE 4/4300 GR; $124,80 
FOODSERVICE:ORL002;ORLANDO GRAPE LEAVES PAIL 25 LBS; $155,00 
FOODSERVICE:PEN001;PENGUEN APRICOT PRESERVE 6/1500 GR; $52,00 
FOODSERVICE:PEN002;PENGUEN SOUR CHERRY PRESERVE 6/1500 GR; $78,00 
FOODSERVICE:PEN003;PENGUEN STRAWBERRY PRESERVE 6/1500 GR; $67,00 
FOODSERVICE:PIST001;PISTACHIO RAW HALVES & PIECES 30 LBS; $330,00 
FOODSERVICE:RCP002;REEF CHICKPEAS 6/#10 CANS; $39,00 
FOODSERVICE:RL001;RED LENTIL 55 LBS; $59,95 
FOODSERVICE:RP004;REEF TURNIP PICKLES 37 LBS; $48,00 
FOODSERVICE:RPC002;REEF PISTACHIO CREAM 30%  2/11 LBS; $196,00 
FOODSERVICE:RSG002;REEF STUFFED GRAPE LEAVES 6/2 KG; $44,50 
FOODSERVICE:SDO001;SLICED DONER 4/5 LB; $198,00 
FOODSERVICE:SSP001;ABIDO CHICKEN SHAWARMA SPICE 11 LBS; $132,00 
FOODSERVICE:SUM001;SUMAC GROUND 50 LBS; $136,00 
FOODSERVICE:SUM002;SUMAC GROUND 25 LBS; $78,00 
FROZEN:ARAZ001;ARA-Z LAVASH BREAD 30/16 OZ; $107,00 
FROZEN:ARAZ002;ARA-Z MARKOOK BREAD 30/1 LB; $106,00 
FROZEN:ARAZ003;ARA-Z SANGAK BREAD 25 BAGS; $190,00 
FROZEN:ATA001;ATA KAYSERI MANTI 16/12 OZ; $88,00 
FROZEN:BMA001;BAROODY MARKOUK BREAD 30/1 LB; $106,00 
FROZEN:FA001;FISH AVENUE FROZEN TEKIR - GUTTED RED MULLET 16/1 LB; $208,00 
FROZEN:FA002;FISH AVENUE FROZEN HAMSI - GUTTED ANCHOVY 16/400 GR; $142,00 
FROZEN:FA003;FISH AVENUE PAN FRY STYLE ANCHOVY - HAMSI TAVA16/420 GR; $156,00 
FROZEN:FA004;FISH AVENUE FROZEN GUTTED SARDINE 16/1 LB; $139,80 
FROZEN:FA005;FISH AVENUE FROZEN ISTAVRIT/HORSE MACKAREL GUTTED 16/16 OZ; $118,00 
FROZEN:FA006;FISH AVENUE BONITO W/VEGETABLES SEBZELI PALAMUT 15/22.9 OZ; $156,00 
FROZEN:FA007;FISH AVENUE FROZEN LUFER - BLUE FISH 8/2 LBS; $162,50 
FROZEN:FROZEN;; $-   
FROZEN:FTR001;FATIR MESHALTET LARGE 10 PCS; $58,50 
FROZEN:HB001;HEBA'S FROZEN FALAFEL READY MIX 20/1 LB; $74,00 
FROZEN:HB002;HEBA'S FROZEN FALAFEL HALF COOKED 20/12 PCS; $73,50 
FROZEN:HB003;HEBA'S FROZEN FALAFEL W/TAHINI 20/12 PCS; $99,95 
FROZEN:MDL001;MODA STUFFED GRAPE LEAVES W/RICE UNCOOKED 12/1000 GR; $152,00 
FROZEN:MDL002;MODA STUFFED CABBAGE LEAVES W/RICE UNCOOKED 12/1000 GR; $152,00 
FROZEN:MKI001;MODA KIBBEH W/BEEF 16/12 OZ 5 PCS; $97,80 
FROZEN:MNT001;MONTANA MOLOKHIA MINCED 20/400 GR; $31,95 
FROZEN:MNT002;MONTANA MOLOKHIA LEAVES 20/400 GR; $50,95 
FROZEN:MNT003;MONTANA FROZEN OKRA #1 20/400 GR; $45,95 
FROZEN:MNT004;MONTANA FROZEN OKRA #0 20/400 GR; $81,95 
FROZEN:MNT005;MONTANA FROZEN VEGETABLES 20/400 GR; $34,95 
FROZEN:MNT006;MONTANA FROZEN SPINACH 20/400 GR; $32,95 
FROZEN:MNT007;MONTANA FROZEN KOLKAS 20/400 GR; $47,95 
FROZEN:MNT008;MONTANA FROZEN ARTICHOKE 20/400 GR; $68,95 
FROZEN:MNT009;MONTANA FROZEN PEAS & CARROTS 20/400 GR; $36,50 
FROZEN:MNT010;MONTANA FROZEN GREEN FAVA 20/400 GR; $42,95 
FROZEN:MNT011;MONTANA FROZEN PEAS 20/400 GR; $43,95 
FROZEN:MNT012;MONTANA FROZEN DOUBLE PEELED GREEN FAVA 20/400 GR; $48,95 
FROZEN:MODA036;MODA TURKISH CHEESE PASTRY ROLLS 8/2 LBS; $104,00 
FROZEN:MODA040;MODA BEEF DUMPLINGS MANTI 16/12 OZ; $86,00 
FROZEN:MODA042;MODA KAYMAK KASHTA 12/5.3 OZ; $52,80 
FROZEN:MODA093;MODA CHIBOREK W/GROUND BEEF 6 PCS 16/12 OZ; $93,80 
FROZEN:MOK001;MOSUL KUBBA (KUBBA OF WHEAT) 2 PCS/BAG 10 BAGS/CASE; $116,00 
FROZEN:MOK002;KUBBA KRASS 12 PCS/BAG 10 BAGS/CASE; $116,00 
FROZEN:MOK005;IRAQI HALAL BEEF KABOB 32/4 PCS; $230,40 
FROZEN:MOK006;IRAQI HALAL BEEF KABOB 16/20 PCS; $576,00 
FROZEN:MOK007;IRAQI HALAL CHICKEN KABOB 32/4 PCS; $230,40 
FROZEN:MOK009;KUBBA SARAI 3 PCS/BAG 15 BAGS/CASE; $120,00 
FROZEN:MOK012;IRAQI HALAL BEEF KABOB 30/8 PCS; $432,00 
FROZEN:MOL001;MODA LAHMAJUN MILD 12/6 PCS; $139,80 
FROZEN:MOL002;MODA LAHMAJUN HOT 12/6 PCS; $139,80 
FROZEN:MOL003;MODA VEGAN LAHMAJUN 12/4 PCS; $69,00 
FROZEN:MR010;MODA CHEESE PASTRY ROLLS 16/16 OZ RETAIL PACK; $99,00 
FROZEN:RF002;SMOKED HERRING RINGA PER LB; $6,75 
FROZEN:SF002;SALTED FISH ( FESIKH ) PER LB; $18,50 
FROZEN:VT001;VEGIE TURK MINCED MOLOKHIA 20/400 GR; $22,00 
FROZEN:VT002;VEGIE TURK OKRA #0 20/400 GR; $45,00 
GRAINS:ABR001;AAHU BARAH BASMATI RICE 4/10 LBS; $68,00 
GRAINS:ABR002;AAHU BARAH BASMATI RICE 2/20 LBS; $67,00 
GRAINS:ABR003;AAHU BARAH BASMATI RICE 40 LBS; $67,00 
GRAINS:ED001;EL DOHA EGYPTIAN RICE 4/10 LB BAG; $60,00 
GRAINS:ED004;EL DOHA EGYPTIAN RICE 8/2 KG; $60,00 
GRAINS:KAB001;KABATILO MAFTOUL 12/500 GR; $47,80 
GRAINS:MAR001;MAHMOOD SELLA RICE 4/10 LBS; $49,00 
GRAINS:MB001;MARMIA BULGUR #1 12/2 LBS; $18,00 
GRAINS:MB002;MARMIA BULGUR #2 12/2 LBS; $18,00 
GRAINS:MB003;MARMIA BROWN BULGUR #1 12/2 LBS; $18,00 
GRAINS:MB004;MARMIA BROWN BULGUR #2 12/2 LBS; $18,00 
GRAINS:MG001;MARMIA CHICKPEAS 12/2 LBS; $49,00 
GRAINS:MG002;MARMIA RED LENTILS 12/2 LBS; $36,00 
GRAINS:MS001;MARMIA SEMOLINA COARSE #3 12/2LB; $24,00 
GRAINS:NB001;SUHAGY WHITE BEANS 20/400 GR; $42,00 
GRAINS:NFB001;NOUR SPLIT FAVA BEANS 20/400 GR; $36,00 
GRAINS:NWB001;NOUR WHEAT BRAN FINE 24/200 GR; $27,00 
GRAINS:NWB002;NOUR WHEAT BRAN COARSE 24/200 GR; $27,00 
GRAINS:RBL001;REEF BROWN LENTILS 24/24 OZ; $75,00 
GRAINS:RBR001;REEF SELA BASMATI RICE 2/20 LBS; $49,00 
GRAINS:RBR002;REEF SELA BASMATI RICE 4/10 LBS; $50,00 
GRAINS:RBR003;REEF SELA BASMATI RICE 40 LBS; $49,00 
GRAINS:RBT001;ROYAL BENGAL TIGER SELA RICE 2/20 LB; $59,80 
GRAINS:RFB001;REEF EX LARGE FAVA BEANS 24/1 LB; $78,00 
GRAINS:RSC001;REEF SEMOLINA COARSE 24/24 OZ; $48,00 
GRAINS:RSC002;REEF SEMOLINA FINE 24/24 OZ; $48,00 
GRAINS:SBL001;SAHTEIN BROWN LENTILS 12/2 LBS; $24,00 
GRAINS:SES001;SALAH EL DIN SESAME 20/250 GR; $45,00 
GRAINS:SFB001;AL SUHAGY FAVA BEANS 20/400 GR; $42,00 
GRAINS:SFB002;AL SUHAGY SPLIT FAVA BEANS 20/400 GR; $42,00 
GRAINS:SFB003;AL SUHAGY FREEK 20/400 GR; $42,00 
GRAINS:SL001;SUHAGY LUPINI BEANS 20/500 GR; $42,00 
GRAINS:SWS001;SUHAGY RADDA WHEAT SHELL FINE 20/200 GR; $30,00 
GRAINS:TRIA001;TRIA COUSCOUS MEDIUM 12/1 KG; $39,80 
GRAINS:TRIA002;TRIA COUSCOUS FINE 12/1 KG; $39,80 
GRAINS:TRIA004;TRIA AL BELBOULA 15/1 KG; $44,80 
GROCERY:ACB001;AL HALOUB CORNED BEEF 24/12 OZ; $94,00 
GROCERY:AG001;ASEEL VEG. GHEE 6/2 LT; $62,40 
GROCERY:AG002;ASEEL VEG. GHEE 12/1 LT; $78,00 
GROCERY:AGG001;AL GHAZAL GHEE 8/1.7 kg; $82,00 
GROCERY:AGG002;AL GHAZAL GHEE 12/1 KG; $88,00 
GROCERY:AKG001;AL KAMARIA GHEE 12/900 GR; $80,00 
GROCERY:ALH002;AL HALOUB BUTTER GHEE IN CAN 12/800 GR; $218,00 
GROCERY:ALH003;AL HALOUB BUTTER GHEE IN CAN 6/1600 GR; $213,80 
GROCERY:ALH004;AL HALOUB BUTTER GHEE IN CAN 24/400 GR; $240,00 
GROCERY:ALH005;AL HALOUB VEG.GHEE 6/1600 GR; $59,80 
GROCERY:ALH007;AL HALOUB HALAL TURKEY LUNCHEON 24/12 OZ; $94,80 
GROCERY:ALH009;ROYAL HALAL CHICKEN LUNCHEON 24/12 OZ; $72,00 
GROCERY:ALH010;AL HALOUB PURE BUTTER GOLD MEDAL HOLLAND 8/1600 GR; $324,00 
GROCERY:ALH012;AL HALOUB PURE BUTTER GOLD MEDAL HOLLAND 12/800 GR; $290,00 
GROCERY:ALH014;AL HALOUB HALAL BEEF & CHICKEN LUNCHEON 24/12 OZ; $84,80 
GROCERY:ALV001;ALVAND SUGAR CUBES 10/17 OZ; $39,00 
GROCERY:AMM001;AL MOMTAZ EVAPORATED MILK 24/400 GR; $49,00 
GROCERY:AOW001;AMMAR ORANGE BLOSSOM WATER 24/300 ML; $30,00 
GROCERY:APC001;ANTEBELLA PISTACHIO CREAM (30%) 12/200 GR; $72,00 
GROCERY:APC002;ANTEBELLA PISTACHIO CREAM (70%) 12/200 GR; $122,00 
GROCERY:APM001;AMMAR POMEGRANATE MOLASSES 24/300 ML; $36,00 
GROCERY:AS001;AL SHARK SARDINES 100/125 GR; $114,80 
GROCERY:AS002;AL SHARK SARDINES HOT 100/125 GR; $126,00 
GROCERY:AS003;AL SHARK TUNA W/OLIVE OIL 48/6 OZ; $112,80 
GROCERY:AS004;AL SHARK TUNA W/VEGETABLE OIL 48/6 OZ; $99,80 
GROCERY:AS005;AL SHARK SARDINES W/TOMATOES 100/125 GR; $114,80 
GROCERY:AS006;AL SHARK SARDINES IN OLIVE OIL 100/125 GR; $126,00 
GROCERY:AS010;AL SHARK TURKEY LUNCHEON 24/12 OZ; $92,00 
GROCERY:AS011;AL SHARK TUNA W/OLIVE OIL & CHILI 48/6 OZ; $112,80 
GROCERY:AS012;AL SHARK TUNA VEG. OIL W/CHILI 48/6 OZ; $85,80 
GROCERY:ATH003;ATHENA STUFFED GRAPE LEAVES 12/14 OZ; $29,00 
GROCERY:ATT001;AL THAHAP TAMERHIND SYRUP 12/900 GR; $62,40 
GROCERY:BAT001;BAROODY SLICED TURNIP PICKLES 4/3 KG; $42,00 
GROCERY:BCB001;BARAKA HALAL CORNED BEEF 24/12 OZ; $89,00 
GROCERY:BDV001;AL BADAWY DATE VINEGAR 12/500 GR; $45,00 
GROCERY:BHT001;BEIRUT HUMMUS TAHINI 24/14 OZ; $33,80 
GROCERY:BSK003;BASAK DRIED MINT 6/150 GR; $24,00 
GROCERY:CG001;CA GARDEN FOUL PLAIN 24/16 OZ; $27,95 
GROCERY:CG002;CA GARDEN FOUL PALESTINIAN RECIPE 24/16 OZ; $32,95 
GROCERY:CG003;CA GARDEN FOUL SAUDI RECIPE 24/16 OZ; $32,95 
GROCERY:CG004;CA GARDEN FOUL EGYPTIAN RECIPE 24/16 OZ; $32,95 
GROCERY:CG005;CA GARDEN FOUL LEBANESE RECIPE 24/16 OZ; $32,95 
GROCERY:CG006;CA GARDEN FOUL PEELED SECRET RECIPE 24/16 OZ; $32,95 
GROCERY:CG007;CA GARDEN FOUL W/CHILI 24/16 OZ; $32,95 
GROCERY:CG008;CA GARDEN FOUL W/TAHINI 24/16 OZ; $32,95 
GROCERY:CG009;CA GARDEN FOUL W/CHICK PEAS 24/16 OZ; $32,95 
GROCERY:CG010;CA GARDEN FOUL YAMANI RECIPE 24/16 OZ; $32,95 
GROCERY:CG011;CA GARDEN FOUL KHALIGIA RECIPE 24/16 OZ; $32,95 
GROCERY:CG012;CA GARDEN FOUL GROUND 24/16 OZ; $32,95 
GROCERY:CG015;CA GARDEN WHITE BEANS IN CAN 24/400 GR; $29,95 
GROCERY:CG016;CA GARDEN RED KIDNEY BEANS IN CAN 24/400 GR; $29,95 
GROCERY:CG018;CA GARDEN FOUL EGYPTIAN PEELED 24/16 OZ; $32,95 
GROCERY:CG019;CA GARDEN BAKED BEANS IN TOMATO SAUCE 24/420 GR; $33,75 
GROCERY:CRT002;CORTAS ROSE WATER 24/10 OZ; $56,80 
GROCERY:CRT003;CORTAS ORANGE WATER 24/10 OZ; $56,80 
GROCERY:CRT004;CORTAS POMEGRANATE MOLASSES 24/10 OZ; $73,75 
GROCERY:DF001;SHAHIA DRIED FIGS 48/8 OZ; $109,80 
GROCERY:DML001;BAROODY DRY MOLOKHIA LEAVES 12/200 GR; $56,00 
GROCERY:FER001;FERSAN GRAPE VINEGAR 12/500 ML; $30,00 
GROCERY:FM001;FINE MEZE GRAPE LEAVES 12/1015 GR; $62,00 
GROCERY:GROCERY;;
GROCERY:HESS001;HELW EL SHAM SAHLEB 15 PCS; $21,00 
GROCERY:HF001;HANA FOUL MEDAMES 24/400 GR; $25,00 
GROCERY:HIB001;NOUR HIBISCUS 20/50 GR; $32,00 
GROCERY:JMD001;JAMEEDNA LIQUID 12/1 KG; $106,00 
GROCERY:KDD001;KDD THICK CREAM 24/250 ML; $62,00 
GROCERY:KNO001;KNORR VEGGIE STOCK 80 PACKS OF 12 CUBES; $98,00 
GROCERY:KV001;KNORR VEGETAR 24 PACKETS; $12,00 
GROCERY:LBS001;BAROODY LEBANESE BREAD STICKS 13/300 GR; $60,00 
GROCERY:LUP001;LUPINI BEANS IN JAR (JUMBO) 12/32 OZ; $48,00 
GROCERY:MADL001;MARCA DRY BLACK LEMON 24/150 GR; $36,00 
GROCERY:MADL002;MARCA DRY YELLOW LEMON 24/150 GR; $36,00 
GROCERY:MADM001;MARCA DRY MOLOKHIEA LEAVES 12/200 GR; $36,00 
GROCERY:MASO001;MARMIA SESAME OIL 16/1 LT; $156,00 
GROCERY:MASO002;MARMIA SESAME OIL 9/2 LT; $171,00 
GROCERY:MM003;MISHABEK 4 PCS; $7,20 
GROCERY:MN002;MR. NUT CAROB 12/400 GR; $69,00 
GROCERY:MPM001;MODA POMEGRANATE MOLASSES 100% PURE 6/500 ML; $44,60 
GROCERY:MSO001;MODA SUNFLOWER OIL 4/4.5 LT; $44,00 
GROCERY:NL001;NOUR LUPINI IN JAR  6/1KG; $20,80 
GROCERY:NOON018;NOON CHICKEN SOUP 12/70 GR; $14,00 
GROCERY:NOON019;NOON VEGETABLE SOUP 12/56 GR; $14,00 
GROCERY:NOON020;NOON CURRY VEGETABLE SOUP 12/56 GR; $14,00 
GROCERY:NOON021;NOON LENTIL SOUP 12/65 GR; $14,00 
GROCERY:NOON022;NOON MUSHROOM SOUP 12/65 GR; $14,00 
GROCERY:NOON023;NOON ONION SOUP 12/65 GR; $14,00 
GROCERY:ONCU001;ONCU BLACK OLIVES XL 6/1KG; $72,00 
GROCERY:ORL001;ORLANDO GRAPE LEAVES 12/16 OZ; $92,80 
GROCERY:RBB001;REEF BROAD BEANS 12/420 GR; $24,00 
GROCERY:RBG001;REEF BABA GHANNOUGE 24/370 GR; $36,00 
GROCERY:RCN001;REEF COCONUT 24/340 GR; $74,00 
GROCERY:RCP001;REEF CHICKPEAS IN CAN 12/400 GR; $16,00 
GROCERY:RCS001;REEF CORN STARCH 40/250 GR; $58,50 
GROCERY:RDL001;REEF BLACK DRY LEMON  ( JUMBO ) 24/8 OZ; $89,00 
GROCERY:RDL002;REEF YELLOW  DRY LEMON 24/8 OZ; $84,00 
GROCERY:RGR001;REEF GOLDEN RAISINS 24/340 GR; $84,00 
GROCERY:RHT001;REEF HUMMUS TAHINI 24/380 GR; $29,50 
GROCERY:RIMP001;REEF INSTANT MILK POWDER 12/900 GR; $148,00 
GROCERY:RIMP002;REEF INSTANT MILK POWDER 6/2500 GR; $155,00 
GROCERY:RKC001;REEF KASHTA CAN 48/170 GR; $68,00 
GROCERY:ROO001;REEF OLIVE OIL 4/3 LT; $58,00 
GROCERY:RSG001;REEF STUFFED GRAPE LEAVES 24/400 GR; $45,00 
GROCERY:TPM001;TEHMAR POMEGRANATE SAUCE 12/500 ML; $24,00 
GROCERY:ZAL001;ZALLOUM LIQUID JAMEED (500 GR X 2) X 8 PCS; $72,00 
HALAL CANDY:HALAL CANDY;; $-   
HALAL CANDY:HRB001;HARIBO TEETH 24/80 GR; $24,00 
HALAL CANDY:HRB002;HARIBO PHANTASIA 24/80 GR; $24,00 
HALAL CANDY:HRB003;HARIBO WORMS 24/80 GR; $24,00 
HALAL CANDY:HRB004;HARIBO FIZZY (EKSI) WORMS 24/70 GR; $24,00 
HALAL CANDY:HRB005;HARIBO GOLD BEAR 36/80 GR; $35,20 
HALAL CANDY:HRB007;HARIBO TROPI FRUTTI 24/80 GR; $24,00 
HALAL CANDY:HRB009;HARIBO FIZZY (EKSI) MIX 24/80 GR; $24,00 
HALAL CANDY:HRB010;HARIBO HAPPY COLA 30/80 GR; $30,00 
HALAL CANDY:HRB011;HARIBO BERRIES 24/80 GR; $24,00 
HALAL CANDY:HRB012;HARIBO KUBIKS 24/80 GR; $24,00 
ICE CREAM:ICE CREAM;;
ICE CREAM:MIC001;MODA ICE CREAM PLAIN 12/16 OZ 6 SLICES; $96,00 
ICE CREAM:MIC002;MODA ICE CREAM PISTACHIO 12/16 OZ 6 SLICES; $124,00 
JAMS & HONEY:AKH005;AL KHAR TAHINI 12/400 GR; $42,00 
JAMS & HONEY:AKH006;AL KHAR TAHINI 12/800 GR; $72,00 
JAMS & HONEY:ASH001;AL SHIFA HONEY 12/500 GR; $89,00 
JAMS & HONEY:EB001;EL BAWADY BLACK HONEY 12/730 GR; $46,00 
JAMS & HONEY:JAMS & HONEY;; $-   
JAMS & HONEY:MH002;MARMIA MOUNTAIN BLOSSOM HONEY W/COMB 12/500 GR; $70,00 
JAMS & HONEY:MH003;MARMIA BLOSSOM HONEY 12/454 GR; $48,00 
JAMS & HONEY:MH004;MARMIA BLOSSOM HONEY 12/500 GR; $54,00 
JAMS & HONEY:NM001;NEMAH BLACK HONEY 12/1 LB; $39,00 
JAMS & HONEY:WH001;WELLMADE MULTIFLOWER HONEY IN JAR 12/450 GR; $39,00 
KITCHEN:FP001;FALAFEL PEEL STAINLESS STEEL; $3,95 
KITCHEN:GCS001;GURAL TURKISH COFFEE CUP SET 6 PCS; $39,00 
KITCHEN:GRL002;BBQ GRILL MEDIUM 30X50 CM; $22,00 
KITCHEN:GRL003;BBQ GRILL LARGE 35X55 CM; $25,00 
KITCHEN:GRL004;BBQ GRILL STAND W/FAN; $79,00 
KITCHEN:HEM001;HAKAN EARTH MADE OVAL PAN 14 PCS; $86,40 
KITCHEN:KITCHEN;; $-   
KITCHEN:MM001;MAAMOUL MOLD PLASTIC SMALL; $2,50 
KITCHEN:MM02;MAAMOUL MOLD PLASTIC LARGE; $3,00 
KITCHEN:PSB001;PASABAHCE TEA SAUCERS 6 PCS/SET; $6,80 
KITCHEN:PSB006;PASABAHCE TEA GLASS INCE BELLI NAZAR BONCUKLU 6PCS; $12,00 
KITCHEN:THS003;THERMOS FLASK  EXTRA FANCY 1L; $21,00 
KITCHEN:TK001;STAINLESS STEEL TEA KETTLE 1 LT; $9,95 
KITCHEN:TK003;STAINLESS STEEL TEA KETTLE 2 LT; $11,90 
KITCHEN:TK004;STAINLESS STEEL TEA KETTLE 3 LT; $14,50 
MEAT:ARS001;AL REEF BEEF SHAWARMA 30/1 LB; $380,00 
MEAT:ARS002;AL REEF CHICKEN SHAWARMA 30/1 LB; $380,00 
MEAT:ARS003;AL REEF BEEF SHAWARMA 15/8 OZ; $98,50 
MEAT:ARS004;AL REEF CHICKEN SHAWARMA 15/8 OZ; $98,50 
MEAT:BST001;HALAL BASTERMA SLICED 20 LBS; $264,00 
MEAT:ES001;EGYPTIAN SAUSAGE MILD 20 LBS; $135,00 
MEAT:ES002;EGYPTIAN SAUSAGE HOT 20 LBS; $135,00 
MEAT:FPI001;FRENCH PIGEON 10 PCS (325-400 GR); $136,00 
MEAT:FQ001;HALAL JUMBO QUAIL 6/6 PACK; $56,00 
MEAT:MDM001;MIDAMAR HICKORY SMOKED BREAKFAST BEEF 12/12 OZ; $124,80 
MEAT:MDM002;MIDAMAR HALAL WHOLE TURKEY PER LB 8-12; $2,45 
MEAT:MDM003;MIDAMAR HALAL WHOLE TURKEY PER LB 12-16; $2,45 
MEAT:MDM004;MIDAMAR HALAL JUMBO BEEF FRANKS 12/12 OZ; $89,00 
MEAT:MDM005;MIDAMAR 100% PURE BEEF BURGER 8/21 OZ; $96,40 
MEAT:MDM006;MIDAMAR BEEF FRANKFURTERS 11/12 OZ; $89,00 
MEAT:MDM007;MIDAMAR HALAL SLICED GROUND FORMED BEEF STRIPS 12/12 OZ; $92,50 
MEAT:MDM008;MIDAMAR HALAL SEASONED BEEF PATTIES 8/24 OZ; $81,40 
MEAT:MDM010;MIDAMAR JUMBO BEEF HOT LINKS 12/16 OZ; $89,00 
MEAT:MDM014;MIDAMAR BEEF BREAKFAST SAUSAGE LINK 16/8 OZ; $67,00 
MEAT:MDM016;MIDAMAR GYRO SLICES 10/1 LB; $94,00 
MEAT:MDM018;MIDAMAR TURKEY STRIPS 12/12 OZ; $69,00 
MEAT:MDM023;MIDAMAR CHICKEN FRANKS 12/12 OZ; $54,00 
MEAT:MDM024;MIDAMAR CHICKEN BREAST NUGGETS 12/18 OZ; $98,00 
MEAT:MDM025;MIDAMAR CHICKEN BREAST PATTIES 12/18 OZ; $98,00 
MEAT:MDM026;MIDAMAR CHICKEN TENDERS BREADED 12/18 OZ; $98,00 
MEAT:MDM027;MIDAMAR SPICY CHICKEN TENDERS BREADED 12/18 OZ; $98,00 
MEAT:MDM032;MIDAMAR TURKEY FRANKS 12/12 OZ; $56,00 
MEAT:MDO004;MODA BEEF DONER 16/8 OZ; $117,80 
MEAT:MDO005;MODA CHICKEN DONER 16/8 OZ; $109,80 
MEAT:MDO006;MODA SLICED DONER 4/5 LB; $250,00 
MEAT:MEAT;; $-   
MEAT:MODA062;MODA INEGOL KOFTE 16/14.4 OZ; $108,00 
MEAT:MOR001;MORTADELLA W/OLIVES SLICED 10 LB; $65,00 
MEAT:MOS001;MODA SUJUK MILD 12/1 LB; $113,80 
MEAT:MOS002;MODA SUJUK HOT 12/1 LB; $113,80 
MEAT:MPA001;MODA TURKISH PASTIRMA SLICED 24/6 OZ; $295,00 
MEAT:MRV005;MERVE BEEF SUCUK MILD 12/1 LB; $139,00 
MEAT:RAB001;HALAL RABBIT PER LB; $6,00 
MEAT:SAF016;AL SAFA CHICKEN SAMOSA 12/10.58 OZ; $96,00 
MEAT:SAF017;AL SAFA TANDOORI CHICKEN SAMOSA 12/10 OZ; $96,00 
MEAT:SAF019;AL SAFA VEGGIE SAMOSA 12/1 LB; $78,00 
MEAT:SAL003;SALAMI PLAIN SLICED 10 LBS; $65,00 
MISC:AAS001;AL ASEEL SOAP 6/4 PCS; $28,00 
MISC:BRAN001;NOUR BRAN BREAD 5 BAGS; $16,00 
MISC:BUK001;AL NABEEL BUKHOOR  12 PCS; $42,00 
MISC:CH001;ISLAMIC CAR HANGER; $2,00 
MISC:DET001;DETTOL LIQUID 24/500 ML; $148,00 
MISC:DET002;DETTOL ANTIBACTERIAL SOAP 6/114 GR; $6,00 
MISC:EL001;LOOFAH BRAIDED 12 PIECES; $24,00 
MISC:HAB001;HABBET ALBARAKA OIL 6/120 ML; $36,00 
MISC:HAB002;HABBET ALBARAKA OIL 12/60 ML; $36,00 
MISC:HAB003;HABBET ALBARAKA OIL 24/250 ML; $247,00 
MISC:JHS001;JAWHARAT HALAP SOAP 10/5 PCS; $65,00 
MISC:MISC;; $-   
MISC:NAF001;NABEEL AIR FRESHENER 6 PCS; $20,00 
MISC:NBS001;NADER BARAKAT SOAP 10/4 PCS; $48,00 
MISC:SCE001;THE SCENT AIR FRESHENER 6 PCS; $20,00 
MISC:ZN001;ZNABILI SOAP 6/4 PCS; $29,00 
MISC:ZN002;ZNABILI SOAP 50 PCS; $58,00 
NUTS:APR001;MR. NUT DRIED APRICOT 24/8 OZ; $82,00 
NUTS:ASPS001;AL SAMIR PUMPKIN SEEDS 50/300 GR; $169,00 
NUTS:BMS001;BARAKA MELON SEEDS 30/350 GR; $117,95 
NUTS:CN001;CRUNCHY NUTS EXTRA MIXED NUTS 12/450 GR; $78,00 
NUTS:CN002;CRUNCHY NUTS SUPREME MIXED NUTS 24/150 GR; $72,00 
NUTS:CN003;CRUNCHY NUTS SUPREME MIXED NUTS 12/495 GR; $99,00 
NUTS:GLS128;GREENLAND ROASTED PUMPKIN SEEDS 12/12 OZ; $66,80 
NUTS:GLS131;GREENLAND ROASTED CHICKPEAS YELLOW 12/12 OZ; $52,00 
NUTS:GLS134;GREENLAND ROASTED PUMPKIN SEEDS SPICY 12/9 OZ; $59,50 
NUTS:GWS001;GREENLAND WATERMELON SEEDS PERSIAN 12/13 OZ; $79,00 
NUTS:GWS002;GREENLAND WATERMELON SEEDS PALESTINIAN 12/11 OZ; $98,00 
NUTS:GWS003;GREENLAND WATERMELON SEEDS PALESTINIAN SPICY DAFFA SAJ 12/11 OZ; $98,00 
NUTS:GWS004;GREENLAND WATERMELON SEEDS BALADY 12/13 OZ; $63,00 
NUTS:GWS005;GREENLAND WATERMELON SEEDS AFGHANI 12/10 OZ; $72,00 
NUTS:NUTS;; $-   
NUTS:QSS001;QUEEN SUPER SEEDS 20/250 GR; $102,00 
NUTS:SMS001;AL SAMIR SUPER MELON SEEDS EXTRA 70/300 GR; $198,00 
OLIVES:AQ001;AL QASR EXTRA VIRGIN OLIVE OIL 4/3 LT; $136,00 
OLIVES:AQ002;BALCA EXTRA VIRGIN OLIVE OIL 12/1 LT; $138,00 
OLIVES:BSO001;BAROODY SLICED GREEN OLIVES W/SWEET PEPPER 12/29.5 OZ; $39,00 
OLIVES:GLO001;GREENLAND GREEN OLIVES BALADY 9/1 KG; $72,00 
OLIVES:GLO002;GREENLAND GREEN OLIVES LARGE 9/1 KG; $72,00 
OLIVES:GLO003;GREENLAND GREEN OLIVES SPICY 9/1 KG; $72,00 
OLIVES:GLO004;GREENLAND GREEN OLIVES THYME & ROSEMARY 9/1 KG; $72,00 
OLIVES:GLO005;GREENLAND GREEN OLIVES LARGE 4/3.5 LB; $54,00 
OLIVES:GLO006;GREENLAND GREEN OLIVES SPICY 4/3.25 LB; $54,00 
OLIVES:GLO007;GREENLAND GREEN OLIVES W/THYME 4/3.5 LB; $54,00 
OLIVES:GLO008;GREENLAND GREEN OLIVES BALADY 4/3.5 LB; $54,00 
OLIVES:GOL001;BAROODY GREEN OLIVES LARGE 4/1.8 KG; $44,00 
OLIVES:MBO001;MARMIA BLENDED OIL 6/2 L; $48,00 
OLIVES:MCGO001;MARMIA GREEN CRACKED OLIVES 6/2000 GR; $44,00 
OLIVES:MDO001;MARMIA DRIED BLACK OLIVES 12/454 GR; $54,00 
OLIVES:MO001;MOROCCAN DRY BLACK OLIVES LARGE 20/2 LB; $126,00 
OLIVES:MOV001;MAROLIVO BLENDED OIL 15/1 LT; $54,00 
OLIVES:MRM002;MARMARABIRLIK GEMLIK BLACK OLIVES EXTRA 22LB BLUE CAN; $78,00 
OLIVES:MRM004;MARMARABIRLIK DRIED BLACK OLIVES SELE 6/800GR; $44,80 
OLIVES:MRM005;MARMARABIRLIK DRIED BLACK OLIVES SELE 12/400GR; $46,80 
OLIVES:OLIVES;; $-   
OLIVES:RGO002;REEF GREEN KALAMATA OLIVES 12/900 GR; $62,40 
OLIVES:RKO002;REEF BLACK KALAMATA OLIVES 12/900 GR; $58,00 
OLIVES:TEH001;TEHMAR EXTRA VIRGIN OLIVE OIL 4/3 LT; $136,00 
PASTA:EDP001;EL DOHA ORZO 20/400 GR; $22,00 
PASTA:INM001;INDOMIE CHICKEN 30 X 75 GR; $17,50 
PASTA:INM002;INDOMIE CURRY CHICKEN 30 X 2.82 OZ; $17,50 
PASTA:INM003;INDOMIE VEGETABLE 30 X 2.65 OZ; $17,50 
PASTA:INM004;INDOMIE SPECIAL CHICKEN 30 X 2.65 OZ; $17,50 
PASTA:INM007;INDOMIE MI GORENG FRIED NOODLES 30 X 3 OZ; $17,50 
PASTA:MAV001;MARMIA VERMICELLI 14/400 GR; $14,00 
PASTA:MISK001;MISKO FIDES 20/8 OZ; $30,00 
PASTA:PASTA;; $-   
PASTA:RV001;REEF VERMICELLI 24/400 GR; $27,00 
PASTA:TIK001;TIK TIK INSTANT KOSHARY 24/188 GR CUP; $42,00 
PASTA:TRIA003;TRIA NOODLES 12/500 GR; $25,80 
PICKLES:ACP001;ASHOUR CUCUMBER PICKLES 6/3 KG (96-120); $64,50 
PICKLES:ACP002;ASHOUR CUCUMBER PICKLES 6/3 KG (30-36); $46,80 
PICKLES:ACP003;ASHOUR CUCUMBER PICKLES 20% MORE 12/19 OZ; $24,00 
PICKLES:AQS001;AL QASR STUFFED EGGPLANT 12/600 GR; $58,50 
PICKLES:ATP001;AL QASR SLICED TURNIP PICKLES 12/1000 GR; $36,00 
PICKLES:AWP001;AL QASR WILD CUCUMBER PICKLES 12/600 GR; $33,00 
PICKLES:EHPP001;EGYPTIAN HOT PEPPER PICKLES 12/1000 GR; $34,00 
PICKLES:MCP001;MARCA PICKLED CUCUMBER 7-9 12/650 GR; $18,00 
PICKLES:MCP002;MARCA PICKLED CUCUMBERS 15-20 12/990 GR; $27,00 
PICKLES:MCP003;MARMIA PICKLED CUCUMBER 90-110 6/3000 GR; $54,00 
PICKLES:MEP001;MID EAST CUCUMBER PICKLES (30-36) 6/#10 CANS; $44,00 
PICKLES:MLP001;MARCA LEMON PICKLE 12/1000 GR; $30,00 
PICKLES:MMP001;MARCA MIXED PICKLES 12/1000 GR; $30,00 
PICKLES:MP001;MIX PICKLES 12/950 GR JAR; $39,00 
PICKLES:MP002;MIX PICKLES SPICY 12/950 GR JAR; $39,00 
PICKLES:PICKLES;;
PICKLES:QOP001;QUEEN ONION PICKLES SPICY 12/950 G JAR; $39,00 
PICKLES:QOP002;QUEEN ONION PICKLES 12/950 G JAR; $34,00 
PICKLES:QTP001;QUEEN SLICED TURNIP PICKLES 12/950 GR; $39,00 
PICKLES:QTP002;QUEEN SLICED TURNIP PICKLES 22 LBS; $39,00 
PICKLES:RCCP001;REEF CORNICHON CUCUMBER PICKLES 12/900 GR; $59,00 
PICKLES:RCG001;REEF CUCUMBER PICKLES 12/1000 GR; $48,00 
PICKLES:RP002;REEF TURNIP PICKLES 6/1600 GR; $38,40 
PICKLES:RP003;REEF MAKDOOS (STUFFED EGGPLANT ) PICKLES 12/900 GR; $93,60 
PICKLES:RWP001;REEF WILD CUCUMBER PICKLES 12/900 GR; $48,00 
READY TO EAT:FM002;FINE MEZE STUFFED EGGPLANT 12/400 GR; $24,00 
READY TO EAT:FM003;FINE MEZE STUFFED ZUCCHINI 12/400 GR; $24,00 
READY TO EAT:KOM001;KOMAGENE CHIKOFTE FAMILY PACK 9/1000 GR; $89,95 
READY TO EAT:KOM003;KOMAGENE CHIKOFTE PORTION PACK  8/380 GR; $37,20 
READY TO EAT:MT001;MUKALLA TUNA OLIVE OIL 48/6.5 OZ; $135,00 
READY TO EAT:MT002;MUKALLA TUNA W/CHILI 48/6.5 OZ; $130,00 
READY TO EAT:RTU001;ALREEF TUNA IN OLIVE OIL 48/170 GR; $94,80 
READY TO EAT:RTU002;ALREEF TUNA WITH CHILI 48/170 GR; $89,70 
SADAF:SADAF;; $-   
SADAF:SDF021;SADAF RESHTEH NOODLE FOR AASH 40/12 OZ; $76,80 
SADAF:SDF022;SADAF RESHTEH POLO 20/8 OZ; $52,80 
SADAF:SDFBT001;SADAF MINT WATER 12/300 ML; $49,40 
SADAF:SDFDY007;SADAF KASHK LIQUID 12/16 OZ; $99,80 
SADAF:SDFFRZ011;SADAF GHORMEH SABZI HERBS FRIED - FROZEN 12/12 OZ; $104,00 
SADAF:SDFGR011;SADAF CHICK PEA FLOUR FINE 12/16 OZ; $33,80 
SADAF:SDFGR016;SADAF YELLOW SPLIT PEAS 24/24 OZ; $52,80 
SADAF:SDFGR017;SADAF YELLOW SPLIT PEAS HARD ( SLOW COOK ) 24/16 OZ; $42,00 
SADAF:SDFGR018;SADAF CHICK PEA FLOUR COARSE 12/16 OZ; $33,80 
SADAF:SDFGR021;SADAF JASMINE RICE 4/10 LB; $62,80 
SADAF:SDFHB001;SADAF SABZI POLO 24/2 OZ; $94,80 
SADAF:SDFHB002;SADAF SABZI AASH 24/2 OZ; $94,80 
SADAF:SDFHB003;SADAF SABZI DOLMEH 24/2 OZ; $94,80 
SADAF:SDFHB004;SADAF SABZI KOOKOO 24/2 OZ; $94,80 
SADAF:SDFHB007;SADAF SABZI GHORMEH 24/2 OZ; $94,80 
SADAF:SDFHB008;SADAF SABZI KOOFTEH 24/2 OZ; $94,80 
SADAF:SDFJR005;SADAF EGGPLANT IKRA RUSSIAN STYLE 12/19 OZ; $42,00 
SADAF:SDFJR019;SADAF TOMATO PASTE JAR 12/700 G; $42,00 
SADAF:SDFKT004;"BBQ SKEWER SET OF 3 15/16"" W/HANDLE"; $8,00 
SADAF:SDFKT006;"BBQ SKEWER SET OF 3 W/HANDLE  9/16"""; $7,50 
SADAF:SDFSP005;SADAF SAFFRON 12/1 GR; $72,00 
SADAF:SDFSP020;SADAF CARDAMOM GROUND 12/0.75 OZ; $48,00 
SADAF:SDFSP021;SADAF CARDAMOM GREEN 12/0.75 OZ; $48,00 
SADAF:SDFSW005;SADAF ROCK CANDY WHITE FILBERT 20/12 OZ; $57,40 
SADAF:SDFSW007;SADAF ROCK CANDY YELLOW FILBERT 20/12 OZ; $54,80 
SADAF:SDFSW009;BARMAKI BAKLAVA 10/13 OZ; $135,00 
SADAF:SDFSW019;BARMAKI RICE COOKIES NUN BERENJI 10/7 OZ; $81,80 
SADAF:SDFSW020;BARMAKI HOMEMADE COOKIES MIXED 10/10 OZ; $111,80 
SADAF:SDFSW025;BARMAKI CHICK PEA COOKIE 10/11 OZ; $93,80 
SADAF:SDFTEA001;SADAF SP. BL.CARDAMOM TEA12/100 TB; $114,80 
SADAF:SDFTEA002;SADAF SP. BL. EARL GREY TEA 12/100 TB; $114,80 
SADAF:SDFTEA004;SADAF SP.BL.CARDAMOM TEA 24/16 OZ; $259,00 
SADAF:SDFTEA005;SADAF SP. BL.EARL GREY TEA 24/16 OZ; $259,00 
SADAF:SDFTEA006;SADAF SP. BL. TEA EARL GREY  24/50 TB; $116,80 
SADAF:SDFTEA007;SADAF SP. BL. CARDAMON TEA 24/50 TB; $116,80 
Sales;;
SAUCES:HAR001;HARISSA DU CAP BON TUNISIAN 48/135 GR; $33,80 
SAUCES:HAR002;HARISSA DU CAP BON TUNISIAN 24/380 GR; $36,40 
SAUCES:IAS001;FALIH ABU AMBA MANGO SAUCE 24/400 GR; $75,00 
SAUCES:IAS002;FALIH ABU AMBA MANGO SAUCE HOT 24/400 GR; $75,00 
SAUCES:MH001;MARCA HARISSA12/720 GR; $24,00 
SAUCES:MPP002;MODA PEPPER PASTE 12/700 GR; $58,00 
SAUCES:MTP001;MODA TOMATO PASTE 12/700 GR; $32,00 
SAUCES:RPP001;REEF RED PEPPER PASTE HOT 12/600 GR; $54,00 
SAUCES:SAUCES;; $-   
SAUCES:TMK005;TAMEK TOMATO PASTE 12/720ML GLASS; $36,00 
SNACKS:MMSS001;MARMIA SUNFLOWER SEEDS SALTED 16/284 GR; $36,00 
SNACKS:MSS001;MODA SUNFLOWER SEEDS SALTED 16/10 OZ; $42,50 
SNACKS:MSS002;MODA SUNFLOWER SEEDS EXTRA SALTED 16/10 OZ; $42,50 
SNACKS:SNACKS;;
SNACKS:TC001;TIGER CHIPS 6/200 GR; $23,00 
SPICES:ADN001;ADONIS ZAATAR ALEPPO 12/1.5 LB; $72,00 
SPICES:ADN002;ADONIS ZAATAR JORDANIAN 12/1 LB; $72,00 
SPICES:ADN003;ADONIS ZAATAR LEBANESE 12/1 LB; $72,00 
SPICES:ADN004;ADONIS ZAATAR PALESTINIAN 12/1 LB; $72,00 
SPICES:ARF001;AL RAGAWI FENUGREEK HELBA 12/500 GR; $59,85 
SPICES:BS001;BAROODY SAGE 20/200 GR; $69,00 
SPICES:GLS005;GREENLAND ANISE SEEDS 12/6 OZ; $37,00 
SPICES:GLS006;GREENLAND BBQ SPICE 12/9 OZ; $30,00 
SPICES:GLS007;GREENLAND BAHARAT SPICE 12/9 OZ; $32,00 
SPICES:GLS008;GREENLAND BLACK PEPPER GROUND 12/7 OZ; $59,00 
SPICES:GLS009;GREENLAND BLACK PEPPER WHOLE 12/8 OZ; $60,00 
SPICES:GLS010;GREENLAND BIRYANI MILD 12/9 OZ; $30,00 
SPICES:GLS011;GREENLAND CARAWAY WHOLE 12/6 OZ; $30,00 
SPICES:GLS012;GREENLAND CARDAMOM GROUND 12/6.5 OZ; $162,00 
SPICES:GLS013;GREENLAND CARDAMOM WHOLE 12/4 OZ; $166,00 
SPICES:GLS014;GREENLAND CINNAMON GROUND 12/8 OZ; $44,00 
SPICES:GLS015;GREENLAND CINNAMON STICKS 12/5 OZ; $44,00 
SPICES:GLS016;GREENLAND CITRIC ACID 12/13 OZ; $74,00 
SPICES:GLS017;GREENLAND CLOVES WHOLE 12/5 OZ; $59,00 
SPICES:GLS018;GREENLAND CORIANDER GROUND 12/6 OZ; $30,00 
SPICES:GLS019;GREENLAND CORIANDER SEEDS 12/5 OZ; $30,00 
SPICES:GLS020;GREENLAND CUMIN SEEDS 12/6 OZ; $45,00 
SPICES:GLS021;GREENLAND CUMIN GROUND 12/7 OZ; $44,00 
SPICES:GLS022;GREENLAND CURRY POWDER MILD 12/9 OZ; $32,00 
SPICES:GLS023;GREENLAND FALAFEL SPICE 12/9 OZ; $32,00 
SPICES:GLS024;GREENLAND FENNEL SEEDS 12/6 OZ; $32,00 
SPICES:GLS025;GREENLAND FENUGREEK GROUND 12/9 OZ; $32,00 
SPICES:GLS026;GREENLAND FENUGREEK WHOLE 12/11 OZ; $32,00 
SPICES:GLS027;GREENLAND GINGER GROUND 12/7 OZ; $36,00 
SPICES:GLS028;GREENLAND KABSAH GROUND 12/9 OZ; $36,00 
SPICES:GLS029;GREENLAND MAHLAB GROUND 16/12 GR; $50,00 
SPICES:GLS030;GREENLAND MISTIKA 12/0.3 OZ; $82,00 
SPICES:GLS031;GREENLAND KUBBA SPICE 12/9 OZ; $32,00 
SPICES:GLS032;GREENLAND KUFTAH SPICE 12/9 OZ; $32,00 
SPICES:GLS033;GREENLAND LEMON PEEL GRATED 12/7.5 OZ; $60,00 
SPICES:GLS034;GREENLAND NUTMEG GROUND 12/7 OZ; $74,00 
SPICES:GLS035;GREENLAND PAPRIKA 12/8 OZ; $30,00 
SPICES:GLS036;GREENLAND SEVEN SPICE 12/8 OZ; $36,00 
SPICES:GLS037;GREENLAND SHAWARMA MEAT SPICE 12/9 OZ; $32,00 
SPICES:GLS038;GREENLAND SHAWARMA CHICKEN SPICE 12/9 OZ; $32,00 
SPICES:GLS039;GREENLAND SHISH KABAB SPICE 12/8 OZ; $32,00 
SPICES:GLS040;GREENLAND TURMERIC 12/8 OZ; $30,00 
SPICES:GLS042;GREENLAND BBQ SPICE 5 LB JUG; $27,50 
SPICES:GLS043;GREENLAND BAHARAT SPICE 5 LB JUG; $24,75 
SPICES:GLS044;GREENLAND CARDAMOM GROUND 5 LB JUG; $209,00 
SPICES:GLS045;GREENLAND CINNAMON GROUND 5 LB JUG; $34,00 
SPICES:GLS046;GREENLAND CINNAMON STICKS 2 LB JUG; $28,00 
SPICES:GLS047;GREENLAND CORIANDER GROUND 5 LB JUG; $21,00 
SPICES:GLS048;GREENLAND CUMIN GROUND 5 LB JUG; $39,80 
SPICES:GLS049;GREENLAND CURRY POWDER HOT 5 LB JUG; $28,00 
SPICES:GLS050;GREENLAND CURRY POWDER MILD 5 LB JUG; $28,00 
SPICES:GLS051;GREENLAND FALAFEL SPICE  5 LB JUG; $30,00 
SPICES:GLS052;GREENLAND FIVE SPICE  5 LB JUG; $24,50 
SPICES:GLS053;GREENLAND GINGER GROUND  5 LB JUG; $29,80 
SPICES:GLS054;GREENLAND KUFTAH SPICE 5 LB JUG; $25,80 
SPICES:GLS055;GREENLAND MAKLOUBA SPICE 5 LB JUG; $33,60 
SPICES:GLS056;GREENLAND PAPRIKA 5 LB JUG; $22,80 
SPICES:GLS057;GREENLAND SEVEN SPICE 5 LB JUG; $33,00 
SPICES:GLS058;GREENLAND SHAWARMA MEAT SPICE 5 LB JUG; $29,80 
SPICES:GLS059;GREENLAND SHAWARMA CHICKEN SPICE 5 LB JUG; $28,90 
SPICES:GLS060;GREENLAND SHISH KABAB SPICE 5 LB JUG; $25,60 
SPICES:GLS061;GREENLAND TURMERIC 5 LB JUG; $24,50 
SPICES:GLS062;GREENLAND TIKKA MILD 5 LB JUG; $24,90 
SPICES:GLS063;GREENLAND TIKKA HOT 5 LB JUG; $24,90 
SPICES:GLS064;GREENLAND SUMAC 5 LB JUG; $22,00 
SPICES:GLS068;GREENLAND ZAATAR MOLOKI 16/12 OZ; $85,00 
SPICES:GLS069;GREENLAND KABSAH GROUND 5 LB JUG; $28,00 
SPICES:GLS070;GREENLAND ALLSPICE GROUND 12/7 OZ; $60,00 
SPICES:GLS071;GREENLAND GARAM MASALA 12/6.5 OZ; $32,00 
SPICES:GLS072;GREENLAND RASHAD SEEDS 12/11 OZ; $36,00 
SPICES:GLS073;GREENLAND ROSEMARY LEAVES 12/3.5 OZ; $34,00 
SPICES:GLS074;GREENLAND SAFFLOWER ( OSFOR ) 12/1.5 OZ; $39,00 
SPICES:GLS075;GREENLAND SUMAC 12/8 OZ; $32,00 
SPICES:GLS078;GREENLAND BLACK SEEDS 12/8 OZ; $39,00 
SPICES:GLS079;GREENLAND FISH SPICE 12/8 OZ; $32,00 
SPICES:GLS080;GREENLAND DILL WEED EXTRA FANCY 12 JARS; $39,00 
SPICES:GLS082;GREENLAND ANISE GROUND 12/6 OZ; $37,00 
SPICES:GLS091;GREENLAND CURRY POWDER HOT 12/9 OZ; $32,00 
SPICES:GLS093;GREENLAND BAY LEAVES 12/1.5 OZ; $28,00 
SPICES:GLS094;GREENLAND CHICKEN SPICE 12/9 OZ; $30,00 
SPICES:GLS095;GREENLAND CHICKEN SPICE 5 LB JUG; $28,00 
SPICES:GLS096;GREENLAND CAYENNE PEPPER 12/7 OZ; $34,00 
SPICES:GLS097;GREENLAND RED PEPPER CRUSHED 12/4.5 OZ; $36,00 
SPICES:GLS098;GREENLAND MAKLOUBA SPICE 12/7 OZ; $36,00 
SPICES:GLS099;GREENLAND WHITE PEPPER GROUND 5 LB JUG; $65,00 
SPICES:GLS100;GREENLAND KIDRA SPICE 12/7 OZ; $32,00 
SPICES:GLS101;GREENLAND CLOVES GROUND 12/8 OZ; $45,00 
SPICES:GLS102;GREENLAND MANSAF SPICE 12/8 OZ; $34,00 
SPICES:GLS103;GREENLAND MAHASHI (STEW) SPICE 12/8 OZ; $30,00 
SPICES:GLS104;GREENLAND SWEET (MAAMOUL) SPICE 12/8 OZ; $39,00 
SPICES:GLS105;GREENLAND BAY LEAVES 1 LB JUG; $13,95 
SPICES:GLS106;GREENLAND ONION POWDER 5 LB JUG; $28,95 
SPICES:GLS107;GREENLAND GARLIC POWDER 5 LB JUG; $31,50 
SPICES:GLS108;GREENLAND MAGGI SPICE 5 LB JUG; $34,95 
SPICES:GLS109;GREENLAND FAJITA SPICE 5 LB JUG; $35,95 
SPICES:GLS110;GREENLAND GARLIC GRANULATED 12/8 OZ; $50,00 
SPICES:GLS111;GREENLAND FENNEL GROUND 12/5 OZ; $32,00 
SPICES:GLS112;GREENLAND LOOMY GROUND YELLOW 12 JARS; $42,00 
SPICES:GLS113;GREENLAND NUTMEG WHOLE 12/4.5 OZ; $60,00 
SPICES:GLS114;GREENLAND CARDAMOM WHOLE 4 LB JUG; $166,80 
SPICES:GLS115;GREENLAND CITRIC ACID 5 LB JUG; $39,50 
SPICES:GLS116;GREENLAND STAR ANISE 12/3.5 OZ; $65,00 
SPICES:GLS118;GREENLAND MAHLAB WHOLE 16/24 GR; $50,00 
SPICES:GLS119;GREENLAND WHITE PEPPER GROUND 12/8.5 OZ; $66,00 
SPICES:GLS120;GREENLAND WHITE PEPPER WHOLE 12/8.5 OZ; $64,00 
SPICES:GLS121;GREENLAND GARAM MASALA 5 LB JUG; $29,00 
SPICES:GLS122;GREENLAND BIRYANI HOT 12/9 OZ; $32,00 
SPICES:GLS132;GREENLAND FOOD COLORING GREEN 16/1.3 OZ; $27,00 
SPICES:GLS133;GREENLAND LIBAN DAKAR 16/0.7 OZ; $28,00 
SPICES:GLS134;GREENLAND KNAFA COLORING 16/1.1 OZ; $27,00 
SPICES:GLS137;GREENLAND BLACK SEEDS 5 LB JUG; $29,00 
SPICES:GLS138;GREENLAND KUBBA SPICE 5 LB; $25,90 
SPICES:GLS139;GREENLAND SWEET SMOKED PAPRIKA 12/7 OZ; $58,00 
SPICES:GLS140;GREENLAND ALEPPO PEPPER 12/5.75 OZ; $74,00 
SPICES:GLS141;GREENLAND KABSAH WHOLE 12/7 OZ; $64,00 
SPICES:GLS142;GREENLAND ROASTED SESAME SEEDS 12/8 OZ; $32,00 
SPICES:GLS143;GREENLAND ROASTED SESAME SEEDS 5 LB JUG; $24,00 
SPICES:GLS144;GREENLAND ONION GRANULATED 12/7 OZ; $36,40 
SPICES:GLS145;GREENLAND FLAX SEEDS 12/9 OZ; $27,00 
SPICES:GLS146;GREENLAND OREGANO THYME LEAVES 12/7 OZ; $37,00 
SPICES:GLS148;GREENLAND MANDI SPICE 12/7 OZ; $36,00 
SPICES:GLS149;GREENLAND AMMONIUM 16/1.2 OZ; $24,00 
SPICES:GLS150;GREENLAND SIDR GROUND 12/5.5 OZ; $49,40 
SPICES:GLS151;GREENLAND SIDR LEAVES 16/1.5 OZ; $39,00 
SPICES:ISOT001;BOTANY ISOT PEPPER 5 LBS JUG; $39,00 
SPICES:LDM001;BAROODY LEBANESE DRY MINT 20/200 GR; $103,80 
SPICES:MBS001;MARMIA BLACK SEEDS 5LB; $22,00 
SPICES:MCM001;MARCA DRIED CRUSHED MINT 24/100 GR; $24,00 
SPICES:SC001;SUHAGY COCONUT 20/250 GR; $68,75 
SPICES:SDL001;SOGOL DRIED LIME 24/6 OZ; $96,00 
SPICES:SHS001;SHAN SPICE MIXES 12 DOZENS; $253,95 
SPICES:SPICES;;
SPICES:SS001;SPYSI SPICE MIX KOFTA 48/90 G BOX; $120,00 
SPICES:SS002;SPYSI SPICE MIX HAWAWSHY 48/90 G BOX; $120,00 
SPICES:SS003;SPYSI SPICE MIX SHISH TAWOOK 48/90 G BOX; $120,00 
SPICES:VGT003;VEGETA CAN 24/250 GR; $66,00 
SW001;AL SUHAGY WHOLE WHEAT BELILA  20/400 GR; $32,50 
SWEETS:AB001;ASATEER MIX BAKLAVA 6/800 GR; $89,00 
SWEETS:AKH001;AL KHAR HALVAH PLAIN 12/400 GR; $36,00 
SWEETS:AKH002;AL KHAR HALVAH PLAIN 12/800 GR; $69,00 
SWEETS:AKH003;AL KHAR HALVAH PISTACHIO 12/400 GR; $42,00 
SWEETS:AKH004;AL KHAR HALVAH PISTACHIO 12/800 GR; $79,80 
SWEETS:ALK002;AL KANATER HALVA SUGAR FREE PISTACHIO 12/500 GR; $109,50 
SWEETS:ALK011;AL KANATER HALVA SUGAR FREE PLAIN 12/500 GR; $84,95 
SWEETS:AMAR001;AMAREDDINE SHALATY APRICOT PASTE 25/400 GR; $69,80 
SWEETS:ASA001;ASALIYA PER 6 PCS; $2,00 
SWEETS:CCW001;CHICKPEA CANDY WHEEL PER PC; $2,00 
SWEETS:HES002;BASBOSA W/KESHTA 24/440 GR; $44,00 
SWEETS:HES003;BASBOSA W/NUTS 24/440 GR; $44,00 
SWEETS:KRAL001;KRAL GULLAC IN BOX 16/400 GR; $168,00 
SWEETS:LAC001;LADIDA COCONUT CANDY PER PC; $1,25 
SWEETS:LCF001;LUXURY CREAM FUDGE 9/1 KG; $100,00 
SWEETS:LCF002;LUXURY CREAM FUDGE 24/400 GR; $57,00 
SWEETS:LCF003;LUXURY CREAM FUDGE 12/800 GR; $57,00 
SWEETS:MC001;MODA SHREDDED KATAIFI DUBAI CHOCOLATE  CAKE  PRE-SLICED 6 CAKES/12 SLICES; $202,00 
SWEETS:MC002;MODA PISTACHIO DREAM CAKE PRE-SLICED 6 CAKES OF 12 SLICES; $179,00 
SWEETS:MC003;MODA MONO CAKE TIRAMISU 8/140 GR X 3 PACK; $86,00 
SWEETS:MC004;MODA PHYLLO PISTACHIO BAKLAVA CAKE  PRE-SLICED 6 CAKES/12 SLICES; $202,00 
SWEETS:MC005;MODA RED VELVET CAKE PRE-SLICED 6 CAKES OF 12 SLICES; $179,00 
SWEETS:MC006;MODA DEVIL'S FUDGE CAKE PRE-SLICED 6 CAKES OF 12 SLICES; $179,00 
SWEETS:MC007;MODA RASPBERRY CAKE PRE-SLICED 6 CAKES OF 12 SLICES; $179,00 
SWEETS:MC008;MODA FOREST FRUIT CAKE PRE-SLICED 6 CAKES OF 12 SLICES; $179,00 
SWEETS:MC009;MODA OREO CREAM COCOA CAKE PRE-SLICED 6 CAKES OF 12 SLICES; $179,00 
SWEETS:MC010;MODA PEANUT CAKE PRE-SLICED 6 CAKES OF 12 SLICES; $179,00 
SWEETS:MC011;MODA HAZELNUT NUTELLA CHEESECAKE PRE-SLICED 6 CAKES OF 12 SLICES; $179,00 
SWEETS:MC012;MODA SAN SEBASTIAN CHEESECAKE PRE-SLICED 6 CAKES OF 12 SLICES; $179,00 
SWEETS:MC013;MODA CRUNCHY BISCUIT LOTUS CHEESECAKE PRE-SLICED 6 CAKES OF 12 SLICES; $179,00 
SWEETS:MCP001;MODA CHOCOLATE PROFITEROLE W/PISTACHIO 12/16 OZ; $109,20 
SWEETS:MHB001;MODA HALEP BURMA KATAIFI W/PISTACHIO 4.5 LBS; $69,00 
SWEETS:MK001;MODA KUNEFE W/SYRUP 20/145 GR; $60,00 
SWEETS:MK002;MODA KUNEFE PISTACHIO W/SYRUP 20/150 GR; $70,00 
SWEETS:MODA009;MODA BAKLAVA W/ DOUBLE PISTACHIO 72 PCS/ 6 LBS TRAY; $52,00 
SWEETS:MODA010;MODA BAKLAVA CHOCOLATE 70 PCS/ 6.5 LBS TRAY; $58,00 
SWEETS:MODA013;MODA SHOBIYET W/PISTACHIO 5.5 LBS TRAY; $59,00 
SWEETS:MODA015;MODA MUSSEL SHAPE BAKLAVA W/PISTACHIO 80 PCS/5.5 LBS TRAY; $66,00 
SWEETS:MODA017;MODA FIG SHAPE BAKLAVA W/WALNUT 70 PCS/6.2 LBS; $44,75 
SWEETS:MODA018;MODA KATAIFI W/PISTACHIO 5.5 LBS TRAY; $48,00 
SWEETS:MODA019;MODA DIYARBAKIR KATAIFI W/PISTACHIO 5.5 LBS TRAY; $66,00 
SWEETS:MODA020;MODA ROYAL KATAIFI W/PISTACHIO 5.5 LBS TRAY; $69,00 
SWEETS:MODA021;MODA TULUMBA 2.65 LBS TRAY; $16,80 
SWEETS:MODA023;MODA KATMER W/PISTACHIO 20 PCS; $49,00 
SWEETS:MODA043;MODA ASSORTED BAKLAVA 8/860 GR; $136,00 
SWEETS:MODA047;MODA COLD MILKY KATAIFI W/PISTACHIO 7.5 LBS; $49,50 
SWEETS:MODA048;MODA COLD MILKY BAKLAVA W/PISTACHIO 48 PCS 7.8 LBS; $59,00 
SWEETS:MODA049;MODA COLD MILKY BAKLAVA W/HAZELNUT 48 PCS 7.8 LBS; $45,00 
SWEETS:MODA050;MODA ASSORTED BAKLAVA 1250 GR TRAY; $31,00 
SWEETS:MODA071;MODA SEKERPARE 2.3 LBS 25 PCS; $16,50 
SWEETS:MODA072;MODA BAKLAVA DOUBLE WALNUT 72 PCS/ 6 LBS TRAY; $42,00 
SWEETS:MODA074;MODA BAKLAVA LIP SHAPE W/PISTACHIO 80 PCS 5.5 LBS; $62,00 
SWEETS:MODA075;MODA RIDDLED COOKIES IN SYRUP 25 PCS 2.3 LBS; $18,00 
SWEETS:MODA078;MODA BAKLAVA ROLL W/PISTACHIO 48 PCS/ 2.75 LBS TRAY; $41,50 
SWEETS:MOH001;MODA HALVA CLASSIC 12/16 OZ; $46,80 
SWEETS:MOH002;MODA HALVA COCOA 12/16 OZ; $46,80 
SWEETS:MOH003;MODA HALVA PISTACHIO 12/16 OZ; $69,80 
SWEETS:MR001;MODA TULUMBA RETAIL 16/16 OZ; $89,00 
SWEETS:MR002;MODA BAKLAVA DOUBLE PISTACHIO 16/9 PCS RETAIL PACK; $112,00 
SWEETS:MR003;MODA BAKLAVA CHOCOLATE 16/8 PCS RETAIL PACK; $116,80 
SWEETS:MR005;MODA KATAIFI W/PISTACHIO 16/2 PCS RETAIL PACK; $99,80 
SWEETS:MR008;MODA DIYARBAKIR KADAYIF W/PISTACHIO 16/4 PCS RETAIL PACK; $153,60 
SWEETS:MR009;MODA BAKLAVA ROLL W/PISTACHIO 16/11 OZ RETAIL PACK; $202,00 
SWEETS:MR011;MODA EKMEK KATAIFI RETAIL PACK 16/12 OZ; $84,00 
SWEETS:MR012;MODA SEMOLINA COOKIES IN SYRUP SEKERPARE RETAIL PACK 16/16 OZ; $84,00 
SWEETS:MR014;MODA BAKLAVA COLD MILKY W/PISTACHIO 16/12 OZ RETAIL; $120,00 
SWEETS:MR016;MODA TRES LECHES RETAIL PACK 16/1 LB; $84,00 
SWEETS:MR017;MODA CHURRO HALKA TATLI 12/16 OZ 6 PCS RETAIL; $60,00 
SWEETS:MSH001;MODA SHAMBALI BASBOUSA 1800 GR; $16,50 
SWEETS:MTG001;MODA DOUBLE PISTACHIO BAKLAVA TO GO PACK 24/198 GR; $123,50 
SWEETS:MTR001;MODA TRESLECHES 1580 GR TRAY; $18,50 
SWEETS:PAB001;PAYNA PISTACHIO BAKLAVA SINGLE SERVE 48/32 GR; $44,00 
SWEETS:PAB002;PAYNA WALNUT BAKLAVA SINGLE SERVE 48/32 GR; $36,00 
SWEETS:RA001;REEF AMARDEEN 25/330 GR; $66,00 
SWEETS:RCT001;REEF ASSORTED PREMIUM CHOCOLATE  6/610 GR; $54,60 
SWEETS:RPC001;REEF PISTACHIO CREAM 30% 12/200 GR; $66,00 
SWEETS:RTD001;REEF TURKISH DELIGHT 12/450 GR; $45,00 
SWEETS:SCW001;SESAME CANDY WHEEL PER PC; $2,00 
SWEETS:SEB001;SELAM PISTACHIO BAKLAVA 72 PCS 5.5 LBS; $41,80 
SWEETS:SEB002;SELAM WALNUT BAKLAVA 72 PCS 5.5 LBS; $34,00 
SWEETS:SEB003;SELAM PISTACHIO KATAIFI 5.5 LBS; $39,80 
SWEETS:SEB004;SELAM CARROT SLICE BAKLAVA W/PISTACHIO 16 PCS TRAY; $39,00 
SWEETS:SP001;SHIRIN YASHA'S ZOLBIA + BAMIEH 24/16 OZ; $189,00 
SWEETS:SWEETS;; $-   
SWEETS:TYS004;TAYAS MAGIC ASSORTMENT 6/705 GR; $62,50 
SWEETS:TYS005;TAYAS DAMLA MIX CANDY 8/800 GR PVC; $39,00 
TEA, COFFEE:AGT001;AL GHAZALEEN TEA 24/100 TB; $132,95 
TEA, COFFEE:AGT002;AL GHAZALEEN TEA IN BOX 24/454 GR; $146,95 
TEA, COFFEE:AHM001;AHMAD SP. BL. EARL GREY TEA BOX 24/454 GR. (1951); $159,00 
TEA, COFFEE:AHM002;AHMAD CARDAMOM TEA IN TIN 12/500GR (785); $122,00 
TEA, COFFEE:AHM004;AHMAD AROMATIC EARL GREY TEA BOX 24/454 GR. (1952); $159,00 
TEA, COFFEE:AHM007;AHMAD GREEN TEA 12/100 TB (478LGT); $64,00 
TEA, COFFEE:AHM008;AHMAD EARL GREY TEA 24/100 TB (595/24); $112,00 
TEA, COFFEE:AHM011;AHMAD ENG NO.1 TAGGED 24/100TB (598/24C); $112,00 
TEA, COFFEE:AHM012;AHMAD CEYLON BOX 24/454 GR ( 1950 ); $182,00 
TEA, COFFEE:AHM015;AHMAD AROMATIC TEA IN TIN 12/500GR (749); $122,00 
TEA, COFFEE:AHM016;AHMAD CARDAMOM TEA 24/454 GR (1953); $159,00 
TEA, COFFEE:AHM019;AHMAD GUNPOWDER GREEN TEA 12/500GR (391); $96,00 
TEA, COFFEE:AHM020;AHMAD SPECIAL BLEND TEA TIN 12/500 GR (957); $122,00 
TEA, COFFEE:AHM021;AHMAD TEA OPA CEYLON RED BOX 24/454 GR (126); $186,00 
TEA, COFFEE:AHM022;AHMAD CARDAMOM TEA 24/100 TB (592/24); $112,00 
TEA, COFFEE:AKT001;AL KBOUS TEA LOOSE 20/454 GR; $97,50 
TEA, COFFEE:AKT002;AL KBOUS TEA 24/100 TB; $95,00 
TEA, COFFEE:ARC001;ARMENIAN COFFEE WHOLE BEAN 20 LBS; $148,00 
TEA, COFFEE:AWT001;AL WAZAH TEA BAGS 36/110 TB; $109,80 
TEA, COFFEE:AWT002;AL WAZAH TEA LOOSE 20/360 GR; $121,25 
TEA, COFFEE:AWT003;AL WAZAH W/CARDAMOM TEA BAGS 12/100 TB; $84,00 
TEA, COFFEE:CYK002;CAYKUR FILIZ TEA 15/500GR; $78,00 
TEA, COFFEE:CYK004;CAYKUR CAY CICEGI 15/500GR; $72,00 
TEA, COFFEE:DG001;DO GHAZAL EARL GREY 24/454 g; $223,90 
TEA, COFFEE:DG003;DO GHAZAL EARL GREY 36/100 TB; $258,80 
TEA, COFFEE:DG006;DO GHAZAL CEYLON TEA 24/454GR; $198,95 
TEA, COFFEE:DG007;DO GHAZAL CEYLON TEA  36/100 TB; $206,95 
TEA, COFFEE:EAT001;EL AROSA TEA 80/250 GR; $240,00 
TEA, COFFEE:EAT002;EL AROSA TEA 24/100 TB; $139,00 
TEA, COFFEE:EAT003;EL AROSA TEA DUST 48/250 GR; $139,00 
TEA, COFFEE:LT001;LIPTON TEA BAGS 36/100 TB; $169,00 
TEA, COFFEE:LT002;LIPTON TEA KHARAZ 48/250 GR; $159,00 
TEA, COFFEE:MEC001;MEHMET EFENDI TURKISH COFFEE 12/250 GR; $79,95 
TEA, COFFEE:MEC002;MEHMET EFENDI TURKISH COFFEE 6/500 GR; $69,95 
TEA, COFFEE:MMT001;MUMTAZ TEA RED PACK 24/16 OZ; $216,00 
TEA, COFFEE:NES002;NESCAFE 3 IN 1 24 PCS; $6,75 
TEA, COFFEE:NJJ001;NAJJAR COFFEE WITH CARDAMOM 20/200 GR; $83,00 
TEA, COFFEE:NJJ002;NAJJAR COFFEE 20/200 GR; $82,00 
TEA, COFFEE:NJJ003;NAJJAR COFFEE WITH CARDAMOM 10/450 GR; $89,00 
TEA, COFFEE:NJJ004;NAJJAR COFFEE 10/450 GR; $88,00 
TEA, COFFEE:NZ001;NAZU'S PERSIAN TEA 24/450GR; $242,00 
TEA, COFFEE:RDT001;ROYAL DIET HERBAL TEA 36/50 TB; $118,00 
TEA, COFFEE:TEA, COFFEE;; $-   
TEA, COFFEE:YM001;CRUZ DE MALTA YERBA MATE 20/500 GR; $98,00 
YOGURT:ARZ001;ARZ YOGURT DRINK 4/1 GL; $45,00 
YOGURT:ARZ004;ARZ YOGURT DRINK 6/0.5 GL; $36,60 
YOGURT:ARZ005;ARZ YOGURT DRINK 24/1 PINT; $41,40 
YOGURT:ARZ006;ARZ PLAIN YOGURT 6/2 LB; $22,60 
YOGURT:ARZ007;ARZ YOGURT DRINK 24/1 PINT MINT; $41,40 
YOGURT:ARZ009;ARZ YOGURT DRINK 6/0.5 GL MINT; $36,60 
YOGURT:DAM001;DAMAVAND PLAIN YOGURT 6/3 LB; $36,80 
YOGURT:GP002;GOPI LASSI DRINK 24/1PT- MANGO; $55,00 
YOGURT:YOGURT;; $-   
YOGURT:YOR001;YORUKSUT KAYMAK KASHTA 24/100 GR; $68,00 
ZIYAD:AAC001;AL AMEED COFFEE MED. W/CARDAMOM 20/0.5LB; $132,00 
ZIYAD:AAC002;AL AMEED TURKISH COFFEE W.CARDAMOM 10/500 GR; $124,00 
ZIYAD:ABW001;ALI BABA WAFER 12X24/25 GR; $63,50 
ZIYAD:ABW002;ALI BABA WAFER COCONUT 12X24/25 GR; $63,50 
ZIYAD:AGL001;AL AFIA GRAPE LEAVES 12/16 OZ; $93,80 
ZIYAD:AWC002;ABU WALED CHEESE 24/400 GR; $179,00 
ZIYAD:CAS002;CASTANIA SMALL SEEDS 10/12.34 OZ; $53,80 
ZIYAD:HAL001;HALWANI MAAMOUL W/DATES 16*12/40 GR; $73,50 
ZIYAD:KIRI001;KIRI CHEESE WEDGES FAMILY SIZE 4 TRAYS X 4 PACK X 14 OZ; $196,00 
ZIYAD:MAG001;MAGGI HALAL CHICKEN BOULLION 24*24*21 GR; $144,00 
ZIYAD:NIDO001;NIDO MILK POWDER HOLLAND 24/400 GR; $230,00 
ZIYAD:NIDO002;NIDO MILK POWDER HOLLAND 12/900 GR; $230,00 
ZIYAD:NIDO003;NIDO MILK POWDER HOLLAND 6/1800 GR; $215,00 
ZIYAD:NIDO004;NIDO MILK POWDER HOLLAND 6/2500 GR; $244,00 
ZIYAD:PUCK001;PUCK CREAM 48/6 OZ CANS; $129,80 
ZIYAD:PUCK002;PUCK CREAM CHEESE 6/500 GR; $65,80 
ZIYAD:PUCK003;PUCK CREAM CHEESE 6/910 GR; $109,80 
ZIYAD:QS001;QUALITY STREET CHOCOLATES 4/900 GR GIFT TIN; $77,00 
ZIYAD:VIM001;VIMTO CANS 24/355 ML; $21,50 
ZIYAD:VIM002;VIMTO SYRUP - SAUDI 12/24 OZ; $69,00 
ZIYAD:ZBD001;ZIYAD BAKING DATES 24/13 OZ; $63,80 
ZIYAD:ZCW001;ZIYAD CRACKED WHEAT #1 12/2 LBS; $37,00 
ZIYAD:ZCW002;ZIYAD CRACKED WHEAT #2 12/2 LBS; $37,00 
ZIYAD:ZCW003;ZIYAD CRACKED WHEAT #3 12/2 LBS; $37,00 
ZIYAD:ZCW004;ZIYAD CRACKED WHEAT #4 12/2 LBS; $37,00 
ZIYAD:ZHM001;ZIYAD HALAL WHITE MARSHMALLOWS 24/8.82 OZ; $46,00 
ZIYAD:ZIYAD;;
ZIYAD:ZS001;ZIYAD SEMOLINA COARSE 12/32 OZ; $43,50 
ZIYAD:ZS002;ZIYAD SEMOLINA FINE 12/32 OZ; $38,00 
ZIYAD:ZWAN001;ZWAN CHICKEN LUNCHEON HALAL 24/12 OZ; $89,50 
TOTAL;;
;;
;;
;;
Accrual Basis Friday, June 20, 2025 01:23 PM GMTZ;;
