ID,Brand,Product,Price
0,OTHER,7 UP IRAQI 24/300 ML," $22,00 "
1,AAHU BARAH,AAHU BARAH BASMATI RICE 40 LBS," $67,00 "
2,AAHU BARAH,AAHU BARAH BASMATI RICE 4/10 LBS," $68,00 "
3,AAHU BARAH,AAHU BARAH BASMATI RICE 2/20 LBS," $67,00 "
4,OTHER,ABIDO CHICKEN SHAWARMA SPICE 11 LBS," $132,00 "
5,OTHER,ABU WALAD SANDWICH BISCUIT 48/110 GR," $28,00 "
6,OTHER,ABU WALED CHEESE 24/400 GR," $179,00 "
7,ADONIS,ADONIS ZAATAR ALEPPO 12/1.5 LB," $72,00 "
8,ADONIS,ADONIS ZAATAR LEBANESE 12/1 LB," $72,00 "
9,ADONIS,ADONIS ZAATAR JORDANIAN 12/1 LB," $72,00 "
10,ADONIS,ADONIS ZAATAR PALESTINIAN 12/1 LB," $72,00 "
11,AHMAD,AHMAD SPECIAL BLEND TEA TIN 12/500 GR (957)," $122,00 "
12,AHMAD,AHMAD SP. BL. EARL GREY TEA BOX 24/454 GR. (1951)," $159,00 "
13,AHMAD,AHMAD GUNPOWDER GREEN TEA 12/500GR (391)," $96,00 "
14,AHMAD,AHMAD GREEN TEA 12/100 TB (478LGT)," $64,00 "
15,AHMAD,AHMAD EARL GREY TEA 24/100 TB (595/24)," $112,00 "
16,AHMAD,AHMAD CEYLON BOX 24/454 GR ( 1950 )," $182,00 "
17,AHMAD,AHMAD CARDAMOM TEA IN TIN 12/500GR (785)," $122,00 "
18,AHMAD,AHMAD CARDAMOM TEA 24/454 GR (1953)," $159,00 "
19,AHMAD,AHMAD CARDAMOM TEA 24/100 TB (592/24)," $112,00 "
20,AHMAD,AHMAD AROMATIC TEA IN TIN 12/500GR (749)," $122,00 "
21,AHMAD,AHMAD AROMATIC EARL GREY TEA BOX 24/454 GR. (1952)," $159,00 "
22,AHMAD,AHMAD TEA OPA CEYLON RED BOX 24/454 GR (126)," $186,00 "
23,AHMAD,AHMAD ENG NO.1 TAGGED 24/100TB (598/24C)," $112,00 "
24,OTHER,AJWA AL MADINA DATES 10/1 KG," $189,00 "
25,AL AFIA,AL AFIA GRAPE LEAVES 12/16 OZ," $93,80 "
26,AL AMEED,AL AMEED COFFEE MED. W/CARDAMOM 20/0.5LB," $132,00 "
27,AL AMEED,AL AMEED TURKISH COFFEE W.CARDAMOM 10/500 GR," $124,00 "
28,OTHER,AL ASEEL SOAP 6/4 PCS," $28,00 "
29,OTHER,AL BADAWY DATE VINEGAR 12/500 GR," $45,00 "
30,AL GHAZAL,AL GHAZAL GHEE 12/1 KG," $88,00 "
31,AL GHAZAL,AL GHAZAL GHEE 8/1.7 kg," $82,00 "
32,AL GHAZALEEN,AL GHAZALEEN TEA 24/100 TB," $132,95 "
33,AL GHAZALEEN,AL GHAZALEEN TEA IN BOX 24/454 GR," $146,95 "
34,AL HALOUB,AL HALOUB BUTTER GHEE IN CAN 12/800 GR," $218,00 "
35,AL HALOUB,AL HALOUB BUTTER GHEE IN CAN 24/400 GR," $240,00 "
36,AL HALOUB,AL HALOUB BUTTER GHEE IN CAN 6/1600 GR," $213,80 "
37,AL HALOUB,AL HALOUB KARISH CHEESE 12/2 LB," $87,00 "
38,AL HALOUB,AL HALOUB CORNED BEEF 24/12 OZ," $94,00 "
39,AL HALOUB,AL HALOUB ROMI CHEESE WHEEL  PER LB," $6,95 "
40,AL HALOUB,AL HALOUB PURE BUTTER GOLD MEDAL HOLLAND 12/800 GR," $290,00 "
41,AL HALOUB,AL HALOUB VEG.GHEE 6/1600 GR," $59,80 "
42,AL HALOUB,AL HALOUB HALAL BEEF & CHICKEN LUNCHEON 24/12 OZ," $84,80 "
43,AL HALOUB,AL HALOUB PURE BUTTER GOLD MEDAL HOLLAND 8/1600 GR," $324,00 "
44,AL HALOUB,AL HALOUB ROMI CHEESE SLICED 24/250 GR," $108,50 "
45,AL HALOUB,AL HALOUB HALAL TURKEY LUNCHEON 24/12 OZ," $94,80 "
46,AL KAMARIA,AL KAMARIA GHEE 12/900 GR," $80,00 "
47,AL KANATER,AL KANATER HALVA SUGAR FREE PLAIN 12/500 GR," $84,95 "
48,AL KANATER,AL KANATER HALVA SUGAR FREE PISTACHIO 12/500 GR," $109,50 "
49,AL KBOUS,AL KBOUS TEA 24/100 TB," $95,00 "
50,AL KBOUS,AL KBOUS TEA LOOSE 20/454 GR," $97,50 "
51,AL KHAR,AL KHAR TAHINI 12/400 GR," $42,00 "
52,AL KHAR,AL KHAR TAHINI 12/800 GR," $72,00 "
53,AL KHAR,AL KHAR HALVAH PISTACHIO 12/800 GR," $79,80 "
54,AL KHAR,AL KHAR HALVAH PLAIN 12/400 GR," $36,00 "
55,AL KHAR,AL KHAR HALVAH PLAIN 12/800 GR," $69,00 "
56,AL KHAR,AL KHAR HALVAH PISTACHIO 12/400 GR," $42,00 "
57,OTHER,AL MADINA DATES 12/ 2 LB," $96,00 "
58,AL MOMTAZ,AL MOMTAZ EVAPORATED MILK 24/400 GR," $49,00 "
59,AL NABEEL,AL NABEEL BUKHOOR  12 PCS," $42,00 "
60,AL QASR,AL QASR SLICED TURNIP PICKLES 12/1000 GR," $36,00 "
61,AL QASR,AL QASR EXTRA VIRGIN OLIVE OIL 4/3 LT," $136,00 "
62,AL QASR,AL QASR WILD CUCUMBER PICKLES 12/600 GR," $33,00 "
63,AL QASR,AL QASR STUFFED EGGPLANT 12/600 GR," $58,50 "
64,AL RAGAWI,AL RAGAWI FENUGREEK HELBA 12/500 GR," $59,85 "
65,AL REEF,AL REEF TUNISIAN GOLDEN DEGLET NOUR DATES W/BRANCH 12/1 KG," $93,60 "
66,AL REEF,AL REEF BEEF SHAWARMA 15/8 OZ," $98,50 "
67,AL REEF,AL REEF BEEF SHAWARMA 30/1 LB," $380,00 "
68,AL REEF,AL REEF CHICKEN SHAWARMA 15/8 OZ," $98,50 "
69,AL REEF,AL REEF CHICKEN SHAWARMA 30/1 LB," $380,00 "
70,AL REEF,AL REEF KIMIA DATES 12/550 GR," $49,00 "
71,AL SAFA,AL SAFA CHICKEN SAMOSA 12/10.58 OZ," $96,00 "
72,AL SAFA,AL SAFA TANDOORI CHICKEN SAMOSA 12/10 OZ," $96,00 "
73,AL SAFA,AL SAFA VEGGIE SAMOSA 12/1 LB," $78,00 "
74,AL SAMIR,AL SAMIR PUMPKIN SEEDS 50/300 GR," $169,00 "
75,AL SAMIR,AL SAMIR SUPER MELON SEEDS EXTRA 70/300 GR," $198,00 "
76,AL SHARK,AL SHARK SARDINES 100/125 GR," $114,80 "
77,AL SHARK,AL SHARK TURKEY LUNCHEON 24/12 OZ," $92,00 "
78,AL SHARK,AL SHARK TUNA W/VEGETABLE OIL 48/6 OZ," $99,80 "
79,AL SHARK,AL SHARK TUNA W/OLIVE OIL 48/6 OZ," $112,80 "
80,AL SHARK,AL SHARK TUNA W/OLIVE OIL & CHILI 48/6 OZ," $112,80 "
81,AL SHARK,AL SHARK TUNA VEG. OIL W/CHILI 48/6 OZ," $85,80 "
82,AL SHARK,AL SHARK SARDINES W/TOMATOES 100/125 GR," $114,80 "
83,AL SHARK,AL SHARK SARDINES IN OLIVE OIL 100/125 GR," $126,00 "
84,AL SHARK,AL SHARK SARDINES HOT 100/125 GR," $126,00 "
85,AL SHIFA,AL SHIFA HONEY 12/500 GR," $89,00 "
86,AL SUHAGY,AL SUHAGY WHOLE WHEAT BELILA  20/400 GR," $32,50 "
87,AL SUHAGY,AL SUHAGY FAVA BEANS 20/400 GR," $42,00 "
88,AL SUHAGY,AL SUHAGY FREEK 20/400 GR," $42,00 "
89,AL SUHAGY,AL SUHAGY SPLIT FAVA BEANS 20/400 GR," $42,00 "
90,OTHER,AL THAHAP TAMERHIND SYRUP 12/900 GR," $62,40 "
91,AL WAZAH,AL WAZAH W/CARDAMOM TEA BAGS 12/100 TB," $84,00 "
92,AL WAZAH,AL WAZAH TEA BAGS 36/110 TB," $109,80 "
93,AL WAZAH,AL WAZAH TEA LOOSE 20/360 GR," $121,25 "
94,ALI BABA,ALI BABA WAFER COCONUT 12X24/25 GR," $63,50 "
95,ALI BABA,ALI BABA WAFER 12X24/25 GR," $63,50 "
96,ALREEF,ALREEF TUNA WITH CHILI 48/170 GR," $89,70 "
97,ALREEF,ALREEF TUNA IN OLIVE OIL 48/170 GR," $94,80 "
98,OTHER,ALVAND SUGAR CUBES 10/17 OZ," $39,00 "
99,ALYA,ALYA DEGLET NOUR DATES W/BRANCH 12/2 LBS," $91,80 "
100,AMAN,AMAN SAMOSA SHEETS 40/9 OZ," $52,00 "
101,OTHER,AMAREDDINE SHALATY APRICOT PASTE 25/400 GR," $69,80 "
102,AMMAR,AMMAR ORANGE BLOSSOM WATER 24/300 ML," $30,00 "
103,AMMAR,AMMAR POMEGRANATE MOLASSES 24/300 ML," $36,00 "
104,ANGEL'S BAKERY,ANGEL'S BAKERY ARTISAN WHITE PITA 5.5 INCH 60 PCS," $33,00 "
105,ANTEBELLA,ANTEBELLA PISTACHIO CREAM (70%) 12/200 GR," $122,00 "
106,ANTEBELLA,ANTEBELLA PISTACHIO CREAM (30%) 12/200 GR," $72,00 "
107,APOLLO,APOLLO KATAIFI 12/1LB," $49,90 "
108,APOLLO,APOLLO FILLO #4 24/1 LB.," $79,90 "
109,ARA-Z,ARA-Z SANGAK BREAD 25 BAGS," $190,00 "
110,ARA-Z,ARA-Z MARKOOK BREAD 30/1 LB," $106,00 "
111,ARA-Z,ARA-Z LAVASH BREAD 30/16 OZ," $107,00 "
112,OTHER,ARMENIAN COFFEE WHOLE BEAN 20 LBS," $148,00 "
113,ARZ LABNE,ARZ LABNE KEFIR CHEESE 12/1 LB," $37,80 "
114,ARZ PLAIN,ARZ PLAIN YOGURT 6/2 LB," $22,60 "
115,ARZ,ARZ YOGURT DRINK 4/1 GL," $45,00 "
116,ARZ,ARZ YOGURT DRINK 24/1 PINT MINT," $41,40 "
117,ARZ,ARZ YOGURT DRINK 24/1 PINT," $41,40 "
118,ARZ,ARZ YOGURT DRINK 6/0.5 GL," $36,60 "
119,ARZ,ARZ YOGURT DRINK 6/0.5 GL MINT," $36,60 "
120,OTHER,ASALIYA PER 6 PCS," $2,00 "
121,OTHER,ASATEER MIX BAKLAVA 6/800 GR," $89,00 "
122,ASEEL,ASEEL VEG. GHEE 6/2 LT," $62,40 "
123,ASEEL,ASEEL VEG. GHEE 12/1 LT," $78,00 "
124,ASHOUR,ASHOUR CUCUMBER PICKLES 20% MORE 12/19 OZ," $24,00 "
125,ASHOUR,ASHOUR CUCUMBER PICKLES 6/3 KG (30-36)," $46,80 "
126,ASHOUR,ASHOUR CUCUMBER PICKLES 6/3 KG (96-120)," $64,50 "
127,OTHER,ATA KAYSERI MANTI 16/12 OZ," $88,00 "
128,ATHENA,ATHENA STUFFED GRAPE LEAVES 6/2 KG," $52,95 "
129,ATHENA,ATHENA STUFFED GRAPE LEAVES 12/14 OZ," $29,00 "
130,OTHER,AZUL COCONUT JUICE GLASS 24/290 ML," $28,00 "
131,BALCA,BALCA EXTRA VIRGIN OLIVE OIL 12/1 LT," $138,00 "
132,BALCONI,BALCONI TRANCETTO STRAWBERRY 15/280G," $39,80 "
133,BALCONI,BALCONI TRANCETTO APRICOT 15/280G," $39,80 "
134,BALCONI,BALCONI MIX MILK 15/350GR," $51,60 "
135,BALCONI,BALCONI MIX MAX FONDENTE DARK CHOCOLATE 15/350 GR," $51,60 "
136,BALCONI,BALCONI MIX MAX COCONUT 15/350GR," $51,60 "
137,BALCONI,BALCONI MIX MAX COCOA 15/350GR," $51,60 "
138,BALCONI,BALCONI CHOCO & LATTE 15/300GR," $47,80 "
139,BALCONI,BALCONI TRANCETTO COCOA 15/280G," $39,80 "
140,BARAKA,BARAKA HALAL CORNED BEEF 24/12 OZ," $89,00 "
141,BARAKA,BARAKA MELON SEEDS 30/350 GR," $117,95 "
142,BARBICAN,BARBICAN RASPBERRY 24/330 ML," $32,00 "
143,BARBICAN,BARBICAN POMEGRANATE 24/330 ML," $32,00 "
144,BARBICAN,BARBICAN PLAIN 24/330 ML," $32,00 "
145,BARBICAN,BARBICAN PINEAPPLE 24/330 ML," $32,00 "
146,BARBICAN,BARBICAN PEACH 24/330 ML," $32,00 "
147,BARBICAN,BARBICAN LEMON 24/330 ML," $32,00 "
148,BARBICAN,BARBICAN STRAWBERRY 24/330 ML," $32,00 "
149,BARBICAN,BARBICAN APPLE 24/330 ML," $32,00 "
150,BARMAKI,BARMAKI BAKLAVA 10/13 OZ," $135,00 "
151,BARMAKI,BARMAKI RICE COOKIES NUN BERENJI 10/7 OZ," $81,80 "
152,BARMAKI,BARMAKI HOMEMADE COOKIES MIXED 10/10 OZ," $111,80 "
153,BARMAKI,BARMAKI CHICK PEA COOKIE 10/11 OZ," $93,80 "
154,BAROODY,BAROODY GREEN OLIVES LARGE 4/1.8 KG," $44,00 "
155,BAROODY,BAROODY DRY MOLOKHIA LEAVES 12/200 GR," $56,00 "
156,BAROODY,BAROODY LEBANESE BREAD STICKS 13/300 GR," $60,00 "
157,BAROODY,BAROODY SLICED TURNIP PICKLES 4/3 KG," $42,00 "
158,BAROODY,BAROODY MARKOUK BREAD 30/1 LB," $106,00 "
159,BAROODY,BAROODY LEBANESE DRY MINT 20/200 GR," $103,80 "
160,BAROODY,BAROODY SLICED GREEN OLIVES W/SWEET PEPPER 12/29.5 OZ," $39,00 "
161,BAROODY,BAROODY SAGE 20/200 GR," $69,00 "
162,BASAK,BASAK DRIED MINT 6/150 GR," $24,00 "
163,BASBOSA,BASBOSA W/NUTS 24/440 GR," $44,00 "
164,BASBOSA,BASBOSA W/KESHTA 24/440 GR," $44,00 "
165,BASBOSA,BASBOSA W/COCONUT 24/440 GR," $39,00 "
166,BBQ GRILL,BBQ GRILL STAND W/FAN," $79,00 "
167,BBQ GRILL,BBQ GRILL MEDIUM 30X50 CM," $22,00 "
168,BBQ GRILL,BBQ GRILL LARGE 35X55 CM," $25,00 "
169,BBQ SKEWER,"BBQ SKEWER SET OF 3 15/16"" W/HANDLE"," $8,00 "
170,BBQ SKEWER,"BBQ SKEWER SET OF 3 W/HANDLE  9/16"""," $7,50 "
171,BEIRUT,BEIRUT HUMMUS TAHINI 24/14 OZ," $33,80 "
172,BEIRUT,BEIRUT TAMARIND SYRUP 12/20 OZ," $42,00 "
173,BEYPAZARI,BEYPAZARI MINERAL WATER 24/200 ML," $8,95 "
174,BON-O-BON,BON-O-BON 30/15 GR," $8,00 "
175,OTHER,BOTANY ISOT PEPPER 5 LBS JUG," $39,00 "
176,OTHER,BOUNTY  24 / 57 G.," $23,50 "
177,BYBLOS,BYBLOS LEBNI 12/1 LB," $39,80 "
178,CA GARDEN,CA GARDEN RED KIDNEY BEANS IN CAN 24/400 GR," $29,95 "
179,CA GARDEN,CA GARDEN FOUL YAMANI RECIPE 24/16 OZ," $32,95 "
180,CA GARDEN,CA GARDEN FOUL SAUDI RECIPE 24/16 OZ," $32,95 "
181,CA GARDEN,CA GARDEN FOUL W/CHICK PEAS 24/16 OZ," $32,95 "
182,CA GARDEN,CA GARDEN FOUL KHALIGIA RECIPE 24/16 OZ," $32,95 "
183,CA GARDEN,CA GARDEN FOUL PLAIN 24/16 OZ," $27,95 "
184,CA GARDEN,CA GARDEN FOUL EGYPTIAN RECIPE 24/16 OZ," $32,95 "
185,CA GARDEN,CA GARDEN FOUL EGYPTIAN PEELED 24/16 OZ," $32,95 "
186,CA GARDEN,CA GARDEN BAKED BEANS IN TOMATO SAUCE 24/420 GR," $33,75 "
187,CA GARDEN,CA GARDEN WHITE BEANS IN CAN 24/400 GR," $29,95 "
188,CA GARDEN,CA GARDEN FOUL LEBANESE RECIPE 24/16 OZ," $32,95 "
189,CA GARDEN,CA GARDEN FOUL GROUND 24/16 OZ," $32,95 "
190,CA GARDEN,CA GARDEN FOUL W/CHILI 24/16 OZ," $32,95 "
191,CA GARDEN,CA GARDEN FOUL PALESTINIAN RECIPE 24/16 OZ," $32,95 "
192,CA GARDEN,CA GARDEN FOUL PEELED SECRET RECIPE 24/16 OZ," $32,95 "
193,CA GARDEN,CA GARDEN FOUL W/TAHINI 24/16 OZ," $32,95 "
194,CADBURY,CADBURY FLAKE 48/32 GR," $52,00 "
195,OTHER,CARABAO ENERGY DRINK 24/250 ML," $19,60 "
196,OTHER,CASTANIA SMALL SEEDS 10/12.34 OZ," $53,80 "
197,CAYKUR,CAYKUR FILIZ TEA 15/500GR," $78,00 "
198,CAYKUR,CAYKUR CAY CICEGI 15/500GR," $72,00 "
199,OTHER,CHICKPEA CANDY WHEEL PER PC," $2,00 "
200,OTHER,CHICKPEAS 50 LBS," $57,00 "
201,OTHER,COARSE BULGUR 55 LBS," $46,00 "
202,CORTAS,CORTAS POMEGRANATE MOLASSES 24/10 OZ," $73,75 "
203,CORTAS,CORTAS ROSE WATER 24/10 OZ," $56,80 "
204,CORTAS,CORTAS ORANGE WATER 24/10 OZ," $56,80 "
205,CRUNCHY NUTS,CRUNCHY NUTS EXTRA MIXED NUTS 12/450 GR," $78,00 "
206,CRUNCHY NUTS,CRUNCHY NUTS SUPREME MIXED NUTS 12/495 GR," $99,00 "
207,CRUNCHY NUTS,CRUNCHY NUTS SUPREME MIXED NUTS 24/150 GR," $72,00 "
208,OTHER,CRUZ DE MALTA YERBA MATE 20/500 GR," $98,00 "
209,DAIRYLAND,DAIRYLAND BOREK CHEESE 40% 6/800 GR," $78,90 "
210,DAIRYLAND,DAIRYLAND PIKNIK CHEESE RED CAP 6/800 GR," $85,90 "
211,DAIRYLAND,DAIRYLAND PIKNIK GOAT FETA 6/800 GR," $83,80 "
212,DAIRYLAND,DAIRYLAND YUMUSAK FULL FAT FETA CHEESE 6/800 GR," $75,80 "
213,DAIRYLAND,DAIRYLAND PIKNIK CHEESE 6/ 400 GR," $51,80 "
214,OTHER,DAMAVAND PLAIN YOGURT 6/3 LB," $36,80 "
215,OTHER,DANISH DOMIATI CHEESE 14/16 OZ," $84,00 "
216,DAWN,DAWN PARATHA FAMILY PACK 4/30 PCS," $35,00 "
217,DAWN,DAWN PARATHA PLAIN  24 / 5 PCS," $35,00 "
218,DETTOL,DETTOL LIQUID 24/500 ML," $148,00 "
219,DETTOL,DETTOL ANTIBACTERIAL SOAP 6/114 GR," $6,00 "
220,OTHER,DIDI TURKISH ICE TEA PEACH 24/330 ML," $20,00 "
221,OTHER,DIDI TURKISH ICE TEA BERGAMOT 24/330 ML," $20,00 "
222,DO GHAZAL,DO GHAZAL EARL GREY 24/454 g," $223,90 "
223,DO GHAZAL,DO GHAZAL EARL GREY 36/100 TB," $258,80 "
224,DO GHAZAL,DO GHAZAL CEYLON TEA  36/100 TB," $206,95 "
225,DO GHAZAL,DO GHAZAL CEYLON TEA 24/454GR," $198,95 "
226,OTHER,DOMYATLAND DOMYATY 4/2 KG," $68,00 "
227,OTHER,DRIED MINT 5 LBS," $25,00 "
228,DRINK PALESTINA,DRINK PALESTINA LEMON LIME 24/12 OZ," $24,00 "
229,DRINK PALESTINA,DRINK PALESTINA COLA 24/12 OZ," $24,00 "
230,DRINK PALESTINA,DRINK PALESTINA ORANGE 24/12 OZ," $24,00 "
231,DRINK PALESTINA,DRINK PALESTINA SUGAR FREE COLA 24/12 OZ," $24,00 "
232,OTHER,DRY DATES 30 LBS," $79,00 "
233,OTHER,EGYPTIAN SAUSAGE MILD 20 LBS," $135,00 "
234,OTHER,EGYPTIAN HOT PEPPER PICKLES 12/1000 GR," $34,00 "
235,OTHER,EGYPTIAN SAUSAGE HOT 20 LBS," $135,00 "
236,OTHER,EL AHSA KHALAS DATES 8/1 KG," $44,00 "
237,EL AROSA,EL AROSA TEA DUST 48/250 GR," $139,00 "
238,EL AROSA,EL AROSA TEA 80/250 GR," $240,00 "
239,EL AROSA,EL AROSA TEA 24/100 TB," $139,00 "
240,EL BAWADY,EL BAWADY BLACK HONEY 12/730 GR," $46,00 "
241,EL DOHA,EL DOHA EGYPTIAN RICE 4/10 LB BAG," $60,00 "
242,EL DOHA,EL DOHA ORZO 20/400 GR," $22,00 "
243,EL DOHA,EL DOHA EGYPTIAN RICE 8/2 KG," $60,00 "
244,ELLEDI,ELLEDI PARTY WAFERS LEMON 10/250 GR," $25,75 "
245,ELLEDI,ELLEDI PARTY WAFERS CAPPUCINO 10/250 GR," $25,75 "
246,ELLEDI,ELLEDI PARTY WAFERS VANILLA 10/250 GR," $25,75 "
247,ELLEDI,ELLEDI PARTY WAFERS HAZELNUT 10/250 GR," $25,75 "
248,ELLEDI,ELLEDI PARTY WAFERS ORANGE 10/250 GR," $25,75 "
249,ELLEDI,ELLEDI PARTY WAFERS STRAWBERRY 10/250 GR," $25,75 "
250,ELLEDI,ELLEDI PARTY WAFERS CHOCOLATE 10/250 GR," $25,75 "
251,ELLEDI,ELLEDI PARTY WAFERS HAZELNUT -SUGAR FREE 10/250 GR," $25,75 "
252,ELLEDI,ELLEDI PARTY WAFERS COCONUT 10/250 GR," $25,75 "
253,ELLEDI,ELLEDI PARTY WAFERS CHOCOLATE-SUGAR FREE 10/250 GR," $25,75 "
254,ELLEDI,ELLEDI PARTY WAFERS CHOC. COVERED PLAISIR 10/250 GR," $33,75 "
255,OTHER,FALAFEL PEEL STAINLESS STEEL," $3,95 "
256,OTHER,FALIH ABU AMBA MANGO SAUCE 24/400 GR," $75,00 "
257,OTHER,FALIH ABU AMBA MANGO SAUCE HOT 24/400 GR," $75,00 "
258,OTHER,FATIR MESHALTET LARGE 10 PCS," $58,50 "
259,OTHER,FAVA BEANS MEDIUM 50 LBS," $46,00 "
260,OTHER,FAYOUMI CHEESE 4/2 KG IN TIN," $80,00 "
261,FERRERO,FERRERO HANUTA WAFER 18 / 2PC," $22,50 "
262,FERRERO,FERRERO KINDER BUENO 30 X 43G," $29,50 "
263,FERRERO,FERRERO KINDER BUENO WHITE 30 X 43G," $29,50 "
264,FERRERO,FERRERO KINDER CHOCOLATE 100G (8PC) X 40," $63,00 "
265,FERSAN,FERSAN GRAPE VINEGAR 12/500 ML," $30,00 "
266,FIDE,FIDE ROASTED EGGPLANTS 6/2500 GR," $36,00 "
267,FINE,FINE MEZE GRAPE LEAVES 12/1015 GR," $62,00 "
268,FINE,FINE MEZE STUFFED EGGPLANT 12/400 GR," $24,00 "
269,FINE,FINE MEZE STUFFED ZUCCHINI 12/400 GR," $24,00 "
270,FINE,FINE BULGUR 55 LBS," $46,00 "
271,FISH AVENUE,FISH AVENUE FROZEN ISTAVRIT/HORSE MACKAREL GUTTED 16/16 OZ," $118,00 "
272,FISH AVENUE,FISH AVENUE FROZEN TEKIR - GUTTED RED MULLET 16/1 LB," $208,00 "
273,FISH AVENUE,FISH AVENUE PAN FRY STYLE ANCHOVY - HAMSI TAVA16/420 GR," $156,00 "
274,FISH AVENUE,FISH AVENUE BONITO W/VEGETABLES SEBZELI PALAMUT 15/22.9 OZ," $156,00 "
275,FISH AVENUE,FISH AVENUE FROZEN GUTTED SARDINE 16/1 LB," $139,80 "
276,FISH AVENUE,FISH AVENUE FROZEN LUFER - BLUE FISH 8/2 LBS," $162,50 "
277,FISH AVENUE,FISH AVENUE FROZEN HAMSI - GUTTED ANCHOVY 16/400 GR," $142,00 "
278,OTHER,FRENCH PIGEON 10 PCS (325-400 GR)," $136,00 "
279,OTHER,Finance Charges on Overdue Balance, $-   
280,GALAXY,GALAXY RIPPLE 36/33 GR," $42,00 "
281,GALAXY,GALAXY CHOCOLATE  24/42 GR," $30,00 "
282,GHARIBIAN,GHARIBIAN FARM SWEET CHEESE VACUUM 15 LB," $95,95 "
283,GHARIBIAN,GHARIBIAN FARM STRING (TWIST) CHEESE W/SEEDS  15 LBS," $129,95 "
284,GHARIBIAN,GHARIBIAN FARM STRING (TWIST) CHEESE MARINATED 15 LBS," $129,95 "
285,GHARIBIAN,GHARIBIAN FARM MESHALLALEH CHEESE 15 LBS," $129,95 "
286,OTHER,GINSENG ENERGY DRINK 24/250 ML," $23,95 "
287,OTHER,GOPI LASSI DRINK 24/1PT- MANGO," $55,00 "
288,GREEN LAND,GREEN LAND FETA CHEESE CREAMY 24/500 GR," $59,80 "
289,GREEN LAND,GREEN LAND FETA CHEESE 24/500 GR," $59,80 "
290,GREEN LAND,GREEN LAND FETA ISTANBULI CHEESE 24/500 GR," $59,80 "
291,GREEN LAND,GREEN LAND FETA LIGHT CHEESE 24/500 GR," $59,80 "
292,GREEN LAND,GREEN LAND FETA CHEESE LOW SALT 24/500 GR," $59,80 "
293,GREENLAND,GREENLAND ROASTED SESAME SEEDS 5 LB JUG," $24,00 "
294,GREENLAND,GREENLAND OREGANO THYME LEAVES 12/7 OZ," $37,00 "
295,GREENLAND,GREENLAND RASHAD SEEDS 12/11 OZ," $36,00 "
296,GREENLAND,GREENLAND RED PEPPER CRUSHED 12/4.5 OZ," $36,00 "
297,GREENLAND,GREENLAND SWEET SMOKED PAPRIKA 12/7 OZ," $58,00 "
298,GREENLAND,GREENLAND ROSEMARY LEAVES 12/3.5 OZ," $34,00 "
299,GREENLAND,GREENLAND SAFFLOWER ( OSFOR ) 12/1.5 OZ," $39,00 "
300,GREENLAND,GREENLAND SIDR GROUND 12/5.5 OZ," $49,40 "
301,GREENLAND,GREENLAND SIDR LEAVES 16/1.5 OZ," $39,00 "
302,GREENLAND,GREENLAND ONION GRANULATED 12/7 OZ," $36,40 "
303,GREENLAND,GREENLAND ONION POWDER 5 LB JUG," $28,95 "
304,GREENLAND,GREENLAND STAR ANISE 12/3.5 OZ," $65,00 "
305,GREENLAND,GREENLAND SUMAC 12/8 OZ," $32,00 "
306,GREENLAND,GREENLAND SUMAC 5 LB JUG," $22,00 "
307,GREENLAND,GREENLAND SWEET (MAAMOUL) SPICE 12/8 OZ," $39,00 "
308,GREENLAND,GREENLAND TIKKA HOT 5 LB JUG," $24,90 "
309,GREENLAND,GREENLAND ROASTED SESAME SEEDS 12/8 OZ," $32,00 "
310,GREENLAND,GREENLAND BAY LEAVES 12/1.5 OZ," $28,00 "
311,GREENLAND,GREENLAND MANSAF SPICE 12/8 OZ," $34,00 "
312,GREENLAND,GREENLAND CARDAMOM WHOLE 12/4 OZ," $166,00 "
313,GREENLAND,GREENLAND CARDAMOM GROUND 5 LB JUG," $209,00 "
314,GREENLAND,GREENLAND CARDAMOM GROUND 12/6.5 OZ," $162,00 "
315,GREENLAND,GREENLAND CARAWAY WHOLE 12/6 OZ," $30,00 "
316,GREENLAND,GREENLAND BLACK PEPPER WHOLE 12/8 OZ," $60,00 "
317,GREENLAND,GREENLAND BLACK PEPPER GROUND 12/7 OZ," $59,00 "
318,GREENLAND,GREENLAND BIRYANI MILD 12/9 OZ," $30,00 "
319,GREENLAND,GREENLAND BBQ SPICE 5 LB JUG," $27,50 "
320,GREENLAND,GREENLAND BBQ SPICE 12/9 OZ," $30,00 "
321,GREENLAND,GREENLAND BAHARAT SPICE 5 LB JUG," $24,75 "
322,GREENLAND,GREENLAND BAHARAT SPICE 12/9 OZ," $32,00 "
323,GREENLAND,GREENLAND ANISE SEEDS 12/6 OZ," $37,00 "
324,GREENLAND,GREENLAND MISTIKA 12/0.3 OZ," $82,00 "
325,GREENLAND,GREENLAND NUTMEG GROUND 12/7 OZ," $74,00 "
326,GREENLAND,GREENLAND PAPRIKA 12/8 OZ," $30,00 "
327,GREENLAND,GREENLAND PAPRIKA 5 LB JUG," $22,80 "
328,GREENLAND,GREENLAND SEVEN SPICE 12/8 OZ," $36,00 "
329,GREENLAND,GREENLAND SEVEN SPICE 5 LB JUG," $33,00 "
330,GREENLAND,GREENLAND SHAWARMA CHICKEN SPICE 12/9 OZ," $32,00 "
331,GREENLAND,GREENLAND SHAWARMA CHICKEN SPICE 5 LB JUG," $28,90 "
332,GREENLAND,GREENLAND SHAWARMA MEAT SPICE 12/9 OZ," $32,00 "
333,GREENLAND,GREENLAND SHAWARMA MEAT SPICE 5 LB JUG," $29,80 "
334,GREENLAND,GREENLAND SHISH KABAB SPICE 12/8 OZ," $32,00 "
335,GREENLAND,GREENLAND CINNAMON GROUND 12/8 OZ," $44,00 "
336,GREENLAND,GREENLAND CINNAMON GROUND 5 LB JUG," $34,00 "
337,GREENLAND,GREENLAND CINNAMON STICKS 12/5 OZ," $44,00 "
338,GREENLAND,GREENLAND CINNAMON STICKS 2 LB JUG," $28,00 "
339,GREENLAND,GREENLAND LEMON PEEL GRATED 12/7.5 OZ," $60,00 "
340,GREENLAND,GREENLAND KUFTAH SPICE 5 LB JUG," $25,80 "
341,GREENLAND,GREENLAND KUFTAH SPICE 12/9 OZ," $32,00 "
342,GREENLAND,GREENLAND KUBBA SPICE 12/9 OZ," $32,00 "
343,GREENLAND,GREENLAND KABSAH GROUND 12/9 OZ," $36,00 "
344,GREENLAND,GREENLAND GINGER GROUND 12/7 OZ," $36,00 "
345,GREENLAND,GREENLAND GINGER GROUND  5 LB JUG," $29,80 "
346,GREENLAND,GREENLAND FIVE SPICE  5 LB JUG," $24,50 "
347,GREENLAND,GREENLAND FENUGREEK WHOLE 12/11 OZ," $32,00 "
348,GREENLAND,GREENLAND FENUGREEK GROUND 12/9 OZ," $32,00 "
349,GREENLAND,GREENLAND FENNEL SEEDS 12/6 OZ," $32,00 "
350,GREENLAND,GREENLAND SHISH KABAB SPICE 5 LB JUG," $25,60 "
351,GREENLAND,GREENLAND FALAFEL SPICE 12/9 OZ," $32,00 "
352,GREENLAND,GREENLAND CURRY POWDER MILD 5 LB JUG," $28,00 "
353,GREENLAND,GREENLAND CURRY POWDER MILD 12/9 OZ," $32,00 "
354,GREENLAND,GREENLAND CURRY POWDER HOT 5 LB JUG," $28,00 "
355,GREENLAND,GREENLAND CUMIN SEEDS 12/6 OZ," $45,00 "
356,GREENLAND,GREENLAND CUMIN GROUND 5 LB JUG," $39,80 "
357,GREENLAND,GREENLAND CUMIN GROUND 12/7 OZ," $44,00 "
358,GREENLAND,GREENLAND CORIANDER SEEDS 12/5 OZ," $30,00 "
359,GREENLAND,GREENLAND CORIANDER GROUND 5 LB JUG," $21,00 "
360,GREENLAND,GREENLAND CORIANDER GROUND 12/6 OZ," $30,00 "
361,GREENLAND,GREENLAND CLOVES WHOLE 12/5 OZ," $59,00 "
362,GREENLAND,GREENLAND CITRIC ACID 12/13 OZ," $74,00 "
363,GREENLAND,GREENLAND FALAFEL SPICE  5 LB JUG," $30,00 "
364,GREENLAND,GREENLAND TURMERIC 12/8 OZ," $30,00 "
365,GREENLAND,GREENLAND WATERMELON SEEDS PERSIAN 12/13 OZ," $79,00 "
366,GREENLAND,GREENLAND WATERMELON SEEDS PALESTINIAN SPICY DAFFA SAJ 12/11 OZ," $98,00 "
367,GREENLAND,GREENLAND CLOVES GROUND 12/8 OZ," $45,00 "
368,GREENLAND,GREENLAND CURRY POWDER HOT 12/9 OZ," $32,00 "
369,GREENLAND,GREENLAND DILL WEED EXTRA FANCY 12 JARS," $39,00 "
370,GREENLAND,GREENLAND FAJITA SPICE 5 LB JUG," $35,95 "
371,GREENLAND,GREENLAND FENNEL GROUND 12/5 OZ," $32,00 "
372,GREENLAND,GREENLAND FISH SPICE 12/8 OZ," $32,00 "
373,GREENLAND,GREENLAND FLAX SEEDS 12/9 OZ," $27,00 "
374,GREENLAND,GREENLAND FOOD COLORING GREEN 16/1.3 OZ," $27,00 "
375,GREENLAND,GREENLAND GARAM MASALA 12/6.5 OZ," $32,00 "
376,GREENLAND,GREENLAND GARAM MASALA 5 LB JUG," $29,00 "
377,GREENLAND,GREENLAND GARLIC GRANULATED 12/8 OZ," $50,00 "
378,GREENLAND,GREENLAND CITRIC ACID 5 LB JUG," $39,50 "
379,GREENLAND,GREENLAND GARLIC POWDER 5 LB JUG," $31,50 "
380,GREENLAND,GREENLAND KABSAH WHOLE 12/7 OZ," $64,00 "
381,GREENLAND,GREENLAND KIDRA SPICE 12/7 OZ," $32,00 "
382,GREENLAND,GREENLAND KNAFA COLORING 16/1.1 OZ," $27,00 "
383,GREENLAND,GREENLAND KUBBA SPICE 5 LB," $25,90 "
384,GREENLAND,GREENLAND LIBAN DAKAR 16/0.7 OZ," $28,00 "
385,GREENLAND,GREENLAND LOOMY GROUND YELLOW 12 JARS," $42,00 "
386,GREENLAND,GREENLAND MAGGI SPICE 5 LB JUG," $34,95 "
387,GREENLAND,GREENLAND MAHASHI (STEW) SPICE 12/8 OZ," $30,00 "
388,GREENLAND,GREENLAND MAHLAB WHOLE 16/24 GR," $50,00 "
389,GREENLAND,GREENLAND MAKLOUBA SPICE 12/7 OZ," $36,00 "
390,GREENLAND,GREENLAND MANDI SPICE 12/7 OZ," $36,00 "
391,GREENLAND,GREENLAND KABSAH GROUND 5 LB JUG," $28,00 "
392,GREENLAND,GREENLAND NUTMEG WHOLE 12/4.5 OZ," $60,00 "
393,GREENLAND,GREENLAND CHICKEN SPICE 5 LB JUG," $28,00 "
394,GREENLAND,GREENLAND CAYENNE PEPPER 12/7 OZ," $34,00 "
395,GREENLAND,GREENLAND WATERMELON SEEDS PALESTINIAN 12/11 OZ," $98,00 "
396,GREENLAND,GREENLAND WATERMELON SEEDS BALADY 12/13 OZ," $63,00 "
397,GREENLAND,GREENLAND WATERMELON SEEDS AFGHANI 12/10 OZ," $72,00 "
398,GREENLAND,GREENLAND ROASTED PUMPKIN SEEDS SPICY 12/9 OZ," $59,50 "
399,GREENLAND,GREENLAND ROASTED PUMPKIN SEEDS 12/12 OZ," $66,80 "
400,GREENLAND,GREENLAND ROASTED CHICKPEAS YELLOW 12/12 OZ," $52,00 "
401,GREENLAND,GREENLAND GREEN OLIVES W/THYME 4/3.5 LB," $54,00 "
402,GREENLAND,GREENLAND GREEN OLIVES THYME & ROSEMARY 9/1 KG," $72,00 "
403,GREENLAND,GREENLAND GREEN OLIVES SPICY 9/1 KG," $72,00 "
404,GREENLAND,GREENLAND GREEN OLIVES SPICY 4/3.25 LB," $54,00 "
405,GREENLAND,GREENLAND GREEN OLIVES LARGE 9/1 KG," $72,00 "
406,GREENLAND,GREENLAND CHICKEN SPICE 12/9 OZ," $30,00 "
407,GREENLAND,GREENLAND GREEN OLIVES LARGE 4/3.5 LB," $54,00 "
408,GREENLAND,GREENLAND GREEN OLIVES BALADY 4/3.5 LB," $54,00 "
409,GREENLAND,GREENLAND ALEPPO PEPPER 12/5.75 OZ," $74,00 "
410,GREENLAND,GREENLAND ALLSPICE GROUND 12/7 OZ," $60,00 "
411,GREENLAND,GREENLAND AMMONIUM 16/1.2 OZ," $24,00 "
412,GREENLAND,GREENLAND ANISE GROUND 12/6 OZ," $37,00 "
413,GREENLAND,GREENLAND BAY LEAVES 1 LB JUG," $13,95 "
414,GREENLAND,GREENLAND TIKKA MILD 5 LB JUG," $24,90 "
415,GREENLAND,GREENLAND BIRYANI HOT 12/9 OZ," $32,00 "
416,GREENLAND,GREENLAND BLACK SEEDS 12/8 OZ," $39,00 "
417,GREENLAND,GREENLAND BLACK SEEDS 5 LB JUG," $29,00 "
418,GREENLAND,GREENLAND CARDAMOM WHOLE 4 LB JUG," $166,80 "
419,GREENLAND,GREENLAND GREEN OLIVES BALADY 9/1 KG," $72,00 "
420,GREENLAND,GREENLAND TURMERIC 5 LB JUG," $24,50 "
421,GREENLAND,GREENLAND MAKLOUBA SPICE 5 LB JUG," $33,60 "
422,GREENLAND,GREENLAND WHITE PEPPER GROUND 5 LB JUG," $65,00 "
423,GREENLAND,GREENLAND WHITE PEPPER GROUND 12/8.5 OZ," $66,00 "
424,GREENLAND,GREENLAND BARAMILI CHEESE 8/1 KG," $52,00 "
425,GREENLAND,GREENLAND DOMIATY CHEESE 8/1 KG," $52,00 "
426,GREENLAND,GREENLAND DOUBLE CREME CHEESE 8/1 KG," $52,00 "
427,GREENLAND,GREENLAND RED CRUSHED CHILI 33 LB BUCKET," $42,00 "
428,GREENLAND,GREENLAND MAHLAB GROUND 16/12 GR," $50,00 "
429,GREENLAND,GREENLAND ISTANBULI CHEESE 8/1 KG," $52,00 "
430,GREENLAND,GREENLAND NABULSI CHEESE 2 KG," $30,00 "
431,GREENLAND,GREENLAND ZAATAR MOLOKI 16/12 OZ," $85,00 "
432,GREENLAND,GREENLAND WHITE PEPPER WHOLE 12/8.5 OZ," $64,00 "
433,GREENLAND,GREENLAND NABULSI CHEESE 4 KG," $52,00 "
434,GULLON,GULLON SF MARIA BOX 10/14.1 OZ," $26,80 "
435,GULLON,GULLON MEGA DUO VANILLA SANDWICH 20X500G," $49,80 "
436,GULLON,GULLON MEGA DUO CHOCOLATE SANDWICH 20X500G," $49,80 "
437,GULLON,GULLON MARIA COOKIES 16/7OZ (200G)," $16,80 "
438,GULLON,GULLON MARIA 4 PK 6/800 GR," $23,80 "
439,GULLON,GULLON MARIA 3 PK 10/21OZ (600GR)," $24,50 "
440,GULLON,GULLON LADY FINGERS 6/400 GR," $21,00 "
441,GULLON,GULLON DIGESTIVE COOKIES 20/14OZ (400GR)," $31,80 "
442,GULLON,GULLON SF FIBER COOKIES 16/6 OZ," $28,40 "
443,GULLON,GULLON SF DIGESTIVE COOKIES 15/14.1OZ (400GR)," $42,80 "
444,GULLON,GULLON SF CHOCO CHIPS 20/4.41OZ," $31,80 "
445,GULLON,GULLON SF MARIA 16/7OZ (200GR)," $26,95 "
446,GULLON,GULLON SF SHORT BREAD (DORADA)15/11OZ," $43,80 "
447,GULLON,GULLON TEA & COFFEE COOKIE 12/28OZ," $45,80 "
448,OTHER,GURAL TURKISH COFFEE CUP SET 6 PCS," $39,00 "
449,OTHER,HABBET ALBARAKA OIL 6/120 ML," $36,00 "
450,OTHER,HABBET ALBARAKA OIL 24/250 ML," $247,00 "
451,OTHER,HABBET ALBARAKA OIL 12/60 ML," $36,00 "
452,OTHER,HAKAN EARTH MADE OVAL PAN 14 PCS," $86,40 "
453,OTHER,HALAL BASTERMA SLICED 20 LBS," $264,00 "
454,OTHER,HALAL JUMBO QUAIL 6/6 PACK," $56,00 "
455,OTHER,HALAL RABBIT PER LB," $6,00 "
456,HALAYEB,HALAYEB KATILO DOMIATY CHEESE IN CAN 4/2 KG," $89,00 "
457,HALAYEB,HALAYEB FARM MORTA 12/1 KG," $72,00 "
458,HALWANI,HALWANI MAAMOUL W/DATES 16*12/40 GR," $73,50 "
459,HANA,HANA FOUL MEDAMES 24/400 GR," $25,00 "
460,HANA,HANA RIBON BANANA MILK 24/265 GR," $32,50 "
461,HARIBO,HARIBO WORMS 24/80 GR," $24,00 "
462,HARIBO,HARIBO TROPI FRUTTI 24/80 GR," $24,00 "
463,HARIBO,HARIBO TEETH 24/80 GR," $24,00 "
464,HARIBO,HARIBO PHANTASIA 24/80 GR," $24,00 "
465,HARIBO,HARIBO KUBIKS 24/80 GR," $24,00 "
466,HARIBO,HARIBO HAPPY COLA 30/80 GR," $30,00 "
467,HARIBO,HARIBO GOLD BEAR 36/80 GR," $35,20 "
468,HARIBO,HARIBO FIZZY (EKSI) WORMS 24/70 GR," $24,00 "
469,HARIBO,HARIBO FIZZY (EKSI) MIX 24/80 GR," $24,00 "
470,HARIBO,HARIBO BERRIES 24/80 GR," $24,00 "
471,OTHER,HARISSA DU CAP BON TUNISIAN 48/135 GR," $33,80 "
472,OTHER,HARISSA DU CAP BON TUNISIAN 24/380 GR," $36,40 "
473,OTHER,HEART SHAPED GUM 100 PCS," $3,50 "
474,HEBA'S,HEBA'S FROZEN FALAFEL W/TAHINI 20/12 PCS," $99,95 "
475,HEBA'S,HEBA'S FROZEN FALAFEL READY MIX 20/1 LB," $74,00 "
476,HEBA'S,HEBA'S FROZEN FALAFEL HALF COOKED 20/12 PCS," $73,50 "
477,OTHER,HELW EL SHAM MOGHAT 48/180 GR," $52,00 "
478,OTHER,HELW EL SHAM SAHLEB 15 PCS," $21,00 "
479,ICIM,ICIM TURKISH LABNE 12/750 GR," $93,60 "
480,ICIM,ICIM TURKISH LABNE 12/550GR," $69,95 "
481,INDOMIE,INDOMIE VEGETABLE 30 X 2.65 OZ," $17,50 "
482,INDOMIE,INDOMIE SPECIAL CHICKEN 30 X 2.65 OZ," $17,50 "
483,INDOMIE,INDOMIE MI GORENG FRIED NOODLES 30 X 3 OZ," $17,50 "
484,INDOMIE,INDOMIE CURRY CHICKEN 30 X 2.82 OZ," $17,50 "
485,INDOMIE,INDOMIE CHICKEN 30 X 75 GR," $17,50 "
486,OTHER,INISDIBI MINERAL WATER 24/200 ML," $9,95 "
487,OTHER,IRAQI HALAL CHICKEN KABOB 32/4 PCS," $230,40 "
488,OTHER,IRAQI HALAL BEEF KABOB 16/20 PCS," $576,00 "
489,OTHER,IRAQI HALAL BEEF KABOB 30/8 PCS," $432,00 "
490,OTHER,IRAQI HALAL BEEF KABOB 32/4 PCS," $230,40 "
491,OTHER,ISLAMIC CAR HANGER," $2,00 "
492,JAMEEDNA,JAMEEDNA LIQUID 12/1 KG," $106,00 "
493,OTHER,JAWHARAT HALAP SOAP 10/5 PCS," $65,00 "
494,OTHER,KABATILO MAFTOUL 12/500 GR," $47,80 "
495,OTHER,KALAMATA OLIVES (GREEK) PITTED 10 KG," $84,00 "
496,KAROUN,KAROUN ACKAWI CHEESE 25 LB PAIL," $169,50 "
497,KAROUN,KAROUN AKAWI JAR 12/20 oz," $119,80 "
498,KAROUN,KAROUN LABNE KEFIR CHEESE 6/3 LBS," $51,85 "
499,KAROUN,KAROUN NABULSI JAR 12/20 oz.," $119,80 "
500,KDD,KDD STRAWBERRY MILK 18/180 ML," $22,00 "
501,KDD,KDD THICK CREAM 24/250 ML," $62,00 "
502,KINDER,KINDER HAPPY HIPPO COCOA 10/(5*22GR)," $34,50 "
503,KINDER,KINDER JOY EGGS 24 PCS," $32,00 "
504,KINDER,KINDER CHOCOLATE 20 / 50 G.," $21,00 "
505,KIRI,KIRI CHEESE WEDGES FAMILY SIZE 4 TRAYS X 4 PACK X 14 OZ," $196,00 "
506,OTHER,KIZILAY MINERAL WATER 24/200 ML," $9,95 "
507,OTHER,KNORR VEGETAR 24 PACKETS," $12,00 "
508,OTHER,KNORR VEGGIE STOCK 80 PACKS OF 12 CUBES," $98,00 "
509,KOMAGENE,KOMAGENE CHIKOFTE PORTION PACK  8/380 GR," $37,20 "
510,KOMAGENE,KOMAGENE CHIKOFTE FAMILY PACK 9/1000 GR," $89,95 "
511,OTHER,KRAFT CHEDDAR CHEESE 36/190 GR CAN," $96,00 "
512,OTHER,KRAL GULLAC IN BOX 16/400 GR," $168,00 "
513,KRINOS,KRINOS BULGARIAN FETA 12/900 GR," $129,80 "
514,KRINOS,KRINOS BULGARIAN FETA 12/400 GR," $67,80 "
515,KRINOS,KRINOS BULGARIAN FETA 5 GL," $96,00 "
516,OTHER,KUBBA SARAI 3 PCS/BAG 15 BAGS/CASE," $120,00 "
517,OTHER,KUBBA KRASS 12 PCS/BAG 10 BAGS/CASE," $116,00 "
518,OTHER,LADIDA COCONUT CANDY PER PC," $1,25 "
519,LIPTON,LIPTON TEA KHARAZ 48/250 GR," $159,00 "
520,LIPTON,LIPTON TEA BAGS 36/100 TB," $169,00 "
521,LOACKER,LOACKER CLASSIC WAFERS HAZELNUT 18/175 GR," $48,80 "
522,LOACKER,LOACKER CLASSIC WAFERS VANILLA 18/175 GR," $48,80 "
523,LOACKER,LOACKER GARDENA CHOCOLATE WAFERS 10/200 GR," $41,50 "
524,LOACKER,LOACKER GARDENA HAZELNUT WAFERS 10/200 GR," $41,50 "
525,LOACKER,LOACKER GARDENA WAFERS ASSTD FLOOR DISPLAY 96/200 GR," $398,40 "
526,LOACKER,LOACKER CLASSIC WAFERS CHOCOLATE 18/175 GR," $48,80 "
527,LOACKER,LOACKER CLASSIC WAFERS ASSTD FLOOR DISPLAY 96/175 GR," $259,80 "
528,LOACKER,LOACKER CLASSIC WAFERS MILK18/175 GR," $48,80 "
529,OTHER,LOOFAH BRAIDED 12 PIECES," $24,00 "
530,OTHER,LUPINI BEANS IN JAR (JUMBO) 12/32 OZ," $48,00 "
531,OTHER,LUXURY CREAM FUDGE 12/800 GR," $57,00 "
532,OTHER,LUXURY CREAM FUDGE 24/400 GR," $57,00 "
533,OTHER,LUXURY CREAM FUDGE 9/1 KG," $100,00 "
534,OTHER,MAAMOUL MOLD PLASTIC LARGE," $3,00 "
535,OTHER,MAAMOUL MOLD PLASTIC SMALL," $2,50 "
536,MAGGI,MAGGI HALAL CHICKEN BOULLION 24*24*21 GR," $144,00 "
537,MAHMOOD,MAHMOOD SELLA RICE 4/10 LBS," $49,00 "
538,OTHER,MALAWY CHEESE 4/2 KG TIN," $77,00 "
539,OTHER,MALTESERS 25/37 GR," $27,00 "
540,OTHER,MARAS RED PEPPER 5 LBS," $32,00 "
541,MARCA,MARCA DRY BLACK LEMON 24/150 GR," $36,00 "
542,MARCA,MARCA DRY YELLOW LEMON 24/150 GR," $36,00 "
543,MARCA,MARCA PICKLED CUCUMBERS 15-20 12/990 GR," $27,00 "
544,MARCA,MARCA PICKLED CUCUMBER 7-9 12/650 GR," $18,00 "
545,MARCA,MARCA MIXED PICKLES 12/1000 GR," $30,00 "
546,MARCA,MARCA HARISSA12/720 GR," $24,00 "
547,MARCA,MARCA POMEGRANATE NECTAR 6/1 LT," $12,00 "
548,MARCA,MARCA DRIED CRUSHED MINT 24/100 GR," $24,00 "
549,MARCA,MARCA MANGO NECTAR 24/250 ML," $12,50 "
550,MARCA,MARCA DRY MOLOKHIEA LEAVES 12/200 GR," $36,00 "
551,MARCA,MARCA LEMON PICKLE 12/1000 GR," $30,00 "
552,MARMARABIRLIK,MARMARABIRLIK DRIED BLACK OLIVES SELE 12/400GR," $46,80 "
553,MARMARABIRLIK,MARMARABIRLIK DRIED BLACK OLIVES SELE 6/800GR," $44,80 "
554,MARMARABIRLIK,MARMARABIRLIK GEMLIK BLACK OLIVES EXTRA 22LB BLUE CAN," $78,00 "
555,MARMIA,MARMIA VERMICELLI 14/400 GR," $14,00 "
556,MARMIA,MARMIA SEMOLINA COARSE #3 12/2LB," $24,00 "
557,MARMIA,MARMIA BULGUR #2 12/2 LBS," $18,00 "
558,MARMIA,MARMIA SOUR CHERRY JAM 6/1500 GR," $54,00 "
559,MARMIA,MARMIA PICKLED CUCUMBER 90-110 6/3000 GR," $54,00 "
560,MARMIA,MARMIA RED LENTILS 12/2 LBS," $36,00 "
561,MARMIA,MARMIA BLACK SEEDS 5LB," $22,00 "
562,MARMIA,MARMIA BLOSSOM HONEY 12/454 GR," $48,00 "
563,MARMIA,MARMIA BLOSSOM HONEY 12/500 GR," $54,00 "
564,MARMIA,MARMIA BULGUR #1 12/2 LBS," $18,00 "
565,MARMIA,MARMIA GREEN CRACKED OLIVES 6/2000 GR," $44,00 "
566,MARMIA,MARMIA BLENDED OIL 6/2 L," $48,00 "
567,MARMIA,MARMIA CHICKPEAS 12/2 LBS," $49,00 "
568,MARMIA,MARMIA BROWN BULGUR #2 12/2 LBS," $18,00 "
569,MARMIA,MARMIA BROWN BULGUR #1 12/2 LBS," $18,00 "
570,MARMIA,MARMIA DRIED BLACK OLIVES 12/454 GR," $54,00 "
571,MARMIA,MARMIA SESAME OIL 16/1 LT," $156,00 "
572,MARMIA,MARMIA SESAME OIL 9/2 LT," $171,00 "
573,MARMIA,MARMIA MOUNTAIN BLOSSOM HONEY W/COMB 12/500 GR," $70,00 "
574,MARMIA,MARMIA SUNFLOWER SEEDS SALTED 16/284 GR," $36,00 "
575,MAROLIVO,MAROLIVO BLENDED OIL 15/1 LT," $54,00 "
576,OTHER,MARS CHOCOLATE 24/51 GR," $22,00 "
577,MCVITIES,MCVITIES DIGESTIVE COOKIES 'ORIGINAL' 12/400 GR," $33,00 "
578,MEHMET EFENDI,MEHMET EFENDI TURKISH COFFEE 6/500 GR," $69,95 "
579,MEHMET EFENDI,MEHMET EFENDI TURKISH COFFEE 12/250 GR," $79,95 "
580,MERVE,MERVE TRIANGLE PASTRY LEAVES 16/400GR," $44,00 "
581,MERVE,MERVE BEEF SUCUK MILD 12/1 LB," $139,00 "
582,MID EAST,MID EAST CUCUMBER PICKLES (30-36) 6/#10 CANS," $44,00 "
583,MIDAMAR,MIDAMAR HALAL WHOLE TURKEY PER LB 12-16," $2,45 "
584,MIDAMAR,MIDAMAR HALAL WHOLE TURKEY PER LB 8-12," $2,45 "
585,MIDAMAR,MIDAMAR HICKORY SMOKED BREAKFAST BEEF 12/12 OZ," $124,80 "
586,MIDAMAR,MIDAMAR BEEF FRANKFURTERS 11/12 OZ," $89,00 "
587,MIDAMAR,MIDAMAR SPICY CHICKEN TENDERS BREADED 12/18 OZ," $98,00 "
588,MIDAMAR,MIDAMAR TURKEY FRANKS 12/12 OZ," $56,00 "
589,MIDAMAR,MIDAMAR TURKEY STRIPS 12/12 OZ," $69,00 "
590,MIDAMAR,MIDAMAR HALAL SEASONED BEEF PATTIES 8/24 OZ," $81,40 "
591,MIDAMAR,MIDAMAR JUMBO BEEF HOT LINKS 12/16 OZ," $89,00 "
592,MIDAMAR,MIDAMAR HALAL JUMBO BEEF FRANKS 12/12 OZ," $89,00 "
593,MIDAMAR,MIDAMAR HALAL SLICED GROUND FORMED BEEF STRIPS 12/12 OZ," $92,50 "
594,MIDAMAR,MIDAMAR CHICKEN TENDERS BREADED 12/18 OZ," $98,00 "
595,MIDAMAR,MIDAMAR CHICKEN FRANKS 12/12 OZ," $54,00 "
596,MIDAMAR,MIDAMAR CHICKEN BREAST PATTIES 12/18 OZ," $98,00 "
597,MIDAMAR,MIDAMAR CHICKEN BREAST NUGGETS 12/18 OZ," $98,00 "
598,MIDAMAR,MIDAMAR BEEF BREAKFAST SAUSAGE LINK 16/8 OZ," $67,00 "
599,MIDAMAR,MIDAMAR 100% PURE BEEF BURGER 8/21 OZ," $96,40 "
600,MIDAMAR,MIDAMAR GYRO SLICES 10/1 LB," $94,00 "
601,MIRA,MIRA MANGO JUICE GLASS 24/250ML," $16,50 "
602,MIRA,MIRA MANGO JUICE 27/200 ML," $12,50 "
603,MIRA,MIRA COCKTAIL JUICE TP 12/1 LT," $22,00 "
604,MIRA,MIRA COCKTAIL JUICE 27/200 ML," $12,50 "
605,MIRA,MIRA APRICOT JUICE GLASS 6/1 LT," $15,50 "
606,MIRA,MIRA WHITE GUAVA JUICE TP 12/1 LT," $22,00 "
607,MIRA,MIRA WHITE GUAVA JUICE GLASS 6/1 LT," $15,50 "
608,MIRA,MIRA WHITE GUAVA JUICE GLASS 24/250ML," $16,50 "
609,MIRA,MIRA PINK GUAVA JUICE 27/200 ML," $12,50 "
610,MIRA,MIRA MANGO JUICE GLASS 6/1 LT," $15,50 "
611,MIRA,MIRA PINK GUAVA JUICE GLASS 6/1 LT," $15,50 "
612,MIRA,MIRA WHITE GUAVA JUICE 27/200 ML," $12,50 "
613,MIRA,MIRA PINK GUAVA JUICE GLASS 24/250ML," $16,50 "
614,MIRA,MIRA PINK GUAVA JUICE TP 12/1 LT," $22,00 "
615,MIRA,MIRA MANGO JUICE TP 12/1 LT," $22,00 "
616,MIRA,MIRA STRAWBERRY/BANANA JUICE 27/200 ML," $12,50 "
617,MIRINDA,MIRINDA ORANGE 24/330 ML," $24,00 "
618,MIRINDA,MIRINDA APPLE 24/300 ML," $27,00 "
619,OTHER,MISHABEK 4 PCS," $7,20 "
620,OTHER,MISKO FIDES 20/8 OZ," $30,00 "
621,OTHER,MISSION IRAQI DRINK ORANGE 24/250 ML," $24,00 "
622,OTHER,MIX PICKLES SPICY 12/950 GR JAR," $39,00 "
623,OTHER,MIX PICKLES 12/950 GR JAR," $39,00 "
624,MODA,MODA SEMOLINA COOKIES IN SYRUP SEKERPARE RETAIL PACK 16/16 OZ," $84,00 "
625,MODA,MODA HALLOUMI CHEESE 24/8 OZ," $93,60 "
626,MODA,MODA SHAMBALI BASBOUSA 1800 GR," $16,50 "
627,MODA,MODA EZINE MIX CHEESE SLICED BLACK LABEL 8/16 OZ," $63,70 "
628,MODA,MODA SHOBIYET W/PISTACHIO 5.5 LBS TRAY," $59,00 "
629,MODA,MODA TRES LECHES RETAIL PACK 16/1 LB," $84,00 "
630,MODA,MODA ACMA SOFT BAGEL CHOCOLATE 15/2 PCS (4 OZ)," $38,00 "
631,MODA,MODA ACMA SOFT BAGEL PLAIN 15/2 PCS (4 OZ)," $38,00 "
632,MODA,MODA ANATOLIAN CHEESE PASTRY 12 PCS 5.5 LBS," $37,00 "
633,MODA,MODA ANATOLIAN CHEESE PASTRY 16/10.5 OZ," $94,00 "
634,MODA,MODA BOYOZ IZMIR PASTRY 144 PCS," $138,00 "
635,MODA,MODA DUBAI CHOCOLATE W/PISTACHIO AND KATAIFI 6/200 GR," $72,00 "
636,MODA,MODA DANISH CHEESE COMBI 6/800 GR," $48,00 "
637,MODA,MODA DANISH CHEESE RED TOP 6/800 GR," $69,80 "
638,MODA,MODA DUBAI CHOCOLATE W/PISTACHIO AND KATAIFI 12/95 GR," $72,00 "
639,MODA,MODA DUBAI CHOCOLATE W/PISTACHIO AND KATAIFI 36/20 GR," $48,00 "
640,MODA,MODA ERZINCAN TULUM CHEESE 24/8 OZ," $99,80 "
641,MODA,MODA CAVE AGED KASHKAVAL CHEESE 12/300 GR," $76,80 "
642,MODA,MODA TURKISH BUTTER 12/500 GR," $98,00 "
643,MODA,MODA TOMATO PASTE 12/700 GR," $32,00 "
644,MODA,MODA TULUMBA RETAIL 16/16 OZ," $89,00 "
645,MODA,MODA THREE CHEESE PASTRY SU BOREGI 16/10 OZ," $84,00 "
646,MODA,MODA STUFFED FLATBREAD GOZLEME W/WHITE CHEESE 12/15.5 OZ," $68,00 "
647,MODA,MODA STUFFED FLATBREAD GOZLEME W/SPINACH & CHEESE 12/15.5 OZ," $68,00 "
648,MODA,MODA SEKERPARE 2.3 LBS 25 PCS," $16,50 "
649,MODA,MODA SPIRAL PIE SPINACH & CHEESE 10/2 LBS," $72,00 "
650,MODA,MODA TULUMBA 2.65 LBS TRAY," $16,80 "
651,MODA,MODA SPIRAL PIE POTATO 10/2 LBS," $72,00 "
652,MODA,MODA PEPPER PASTE 12/700 GR," $58,00 "
653,MODA,MODA SPIRAL PIE FETA CHEESE 10/2 LBS," $72,00 "
654,MODA,MODA SIMIT 16/4 PCS," $72,80 "
655,MODA,MODA POTATO PASTRY ROLLS 16/16 OZ RETAIL PACK," $99,00 "
656,MODA,MODA POGACA W/POTATO 18/110 GR," $45,50 "
657,MODA,MODA POGACA W/OLIVES 18/110 GR," $45,50 "
658,MODA,MODA POGACA W/MOZZARELLA 18/110 GR," $45,50 "
659,MODA,MODA POGACA W/FETA CHEESE 18/110 GR," $45,50 "
660,MODA,MODA POGACA PLAIN 18/110 GR," $43,00 "
661,MODA,MODA PIDE MOZZARELLA W/TOMATO 3 PCS 12/14.3 OZ," $74,40 "
662,MODA,MODA MOM'S BOREK MINI SPIRAL WHITE CHEESE 60/150 GR," $58,00 "
663,MODA,MODA MOM'S BOREK MINI SPIRAL SPINACH & CHEESE 60/150 GR," $58,00 "
664,MODA,MODA MOM'S BOREK MINI SPIRAL POTATO 60/150 GR," $58,00 "
665,MODA,MODA KUNEFE SWEET CHEESE 16/1 LB," $83,20 "
666,MODA,MODA KASHKAVAL CHEESE 12/600 GR," $98,00 "
667,MODA,MODA IZMIR TULUM CHEESE 8/10.5 OZ," $48,00 "
668,MODA,MODA THREE CHEESE PASTRY SU BOREGI 2.75 LBS," $21,00 "
669,MODA,MODA SUNFLOWER SEEDS EXTRA SALTED 16/10 OZ," $42,50 "
670,MODA,MODA SUNFLOWER SEEDS SALTED 16/10 OZ," $42,50 "
671,MODA,MODA TRESLECHES 1580 GR TRAY," $18,50 "
672,MODA,MODA SAN SEBASTIAN CHEESECAKE PRE-SLICED 6 CAKES OF 12 SLICES," $179,00 "
673,MODA,MODA SLICED DONER 4/5 LB," $250,00 "
674,MODA,MODA RIDDLED COOKIES IN SYRUP 25 PCS 2.3 LBS," $18,00 "
675,MODA,MODA RASPBERRY CAKE PRE-SLICED 6 CAKES OF 12 SLICES," $179,00 "
676,MODA,MODA RED VELVET CAKE PRE-SLICED 6 CAKES OF 12 SLICES," $179,00 "
677,MODA,MODA SHREDDED KATAIFI DUBAI CHOCOLATE  CAKE  PRE-SLICED 6 CAKES/12 SLICES," $202,00 "
678,MODA,MODA POMEGRANATE MOLASSES 100% PURE 6/500 ML," $44,60 "
679,MODA,MODA SUNFLOWER OIL 4/4.5 LT," $44,00 "
680,MODA,MODA SALGAM HOT 24/250 ML," $22,00 "
681,MODA,MODA SALGAM CLASSIC 24/250 ML," $22,00 "
682,MODA,MODA KATAIFI DOUGH 12/1 LB," $39,00 "
683,MODA,MODA ROYAL KATAIFI W/PISTACHIO 5.5 LBS TRAY," $69,00 "
684,MODA,MODA FILLO #4 24/1 LB," $67,00 "
685,MODA,MODA ASSORTED BAKLAVA 1250 GR TRAY," $31,00 "
686,MODA,MODA ASSORTED BAKLAVA 8/860 GR," $136,00 "
687,MODA,MODA BAKLAVA CHOCOLATE 16/8 PCS RETAIL PACK," $116,80 "
688,MODA,MODA BAKLAVA CHOCOLATE 70 PCS/ 6.5 LBS TRAY," $58,00 "
689,MODA,MODA BAKLAVA COLD MILKY W/PISTACHIO 16/12 OZ RETAIL," $120,00 "
690,MODA,MODA BAKLAVA DOUBLE PISTACHIO 16/9 PCS RETAIL PACK," $112,00 "
691,MODA,MODA BAKLAVA DOUBLE WALNUT 72 PCS/ 6 LBS TRAY," $42,00 "
692,MODA,MODA BAKLAVA LIP SHAPE W/PISTACHIO 80 PCS 5.5 LBS," $62,00 "
693,MODA,MODA BEEF DONER 16/8 OZ," $117,80 "
694,MODA,MODA PISTACHIO DREAM CAKE PRE-SLICED 6 CAKES OF 12 SLICES," $179,00 "
695,MODA,MODA PHYLLO PISTACHIO BAKLAVA CAKE  PRE-SLICED 6 CAKES/12 SLICES," $202,00 "
696,MODA,MODA MONO CAKE TIRAMISU 8/140 GR X 3 PACK," $86,00 "
697,MODA,MODA FOREST FRUIT CAKE PRE-SLICED 6 CAKES OF 12 SLICES," $179,00 "
698,MODA,MODA VEGAN LAHMAJUN 12/4 PCS," $69,00 "
699,MODA,MODA TURKISH MANTI BEEF DUMPLING 4/5 LBS," $104,00 "
700,MODA,MODA TURKISH CHEESE PASTRY ROLLS 8/2 LBS," $104,00 "
701,MODA,MODA TAHINI 40 LBS," $112,00 "
702,MODA,MODA STUFFED CABBAGE LEAVES W/RICE UNCOOKED 12/1000 GR," $152,00 "
703,MODA,MODA POMEGRANATE MOLASSES 6/9 LBS," $90,00 "
704,MODA,MODA PEPPER PASTE 4/4300 GR," $124,80 "
705,MODA,MODA LAHMAJUN MILD 12/6 PCS," $139,80 "
706,MODA,MODA LAHMAJUN HOT 12/6 PCS," $139,80 "
707,MODA,MODA CHICKEN DONER 16/8 OZ," $109,80 "
708,MODA,MODA KIBBEH W/BEEF 5 BAGS X 25 PCS," $144,00 "
709,MODA,MODA KAYMAK KASHTA 12/5.3 OZ," $52,80 "
710,MODA,MODA GRILLED EGGPLANT 6/6 LBS," $45,00 "
711,MODA,MODA FALAFEL PRE-COOKED 4/36 PCS," $54,00 "
712,MODA,"MODA DONER CONE 100% LEAF (20% LAMB, 80% BEEF) 25 LB"," $180,00 "
713,MODA,MODA CHICKEN DONER CONE 2/25 LBS," $254,00 "
714,MODA,MODA CHIBOREK W/GROUND BEEF 6 PCS 16/12 OZ," $93,80 "
715,MODA,MODA CHEESE PASTRY ROLLS 16/16 OZ RETAIL PACK," $99,00 "
716,MODA,MODA BEEF DUMPLINGS MANTI 16/12 OZ," $86,00 "
717,MODA,MODA DEVIL'S FUDGE CAKE PRE-SLICED 6 CAKES OF 12 SLICES," $179,00 "
718,MODA,MODA KIBBEH W/BEEF 16/12 OZ 5 PCS," $97,80 "
719,MODA,MODA ICE CREAM PISTACHIO 12/16 OZ 6 SLICES," $124,00 "
720,MODA,MODA STUFFED GRAPE LEAVES W/RICE UNCOOKED 12/1000 GR," $152,00 "
721,MODA,MODA CHOCOLATE PROFITEROLE W/PISTACHIO 12/16 OZ," $109,20 "
722,MODA,MODA BAKLAVA ROLL W/PISTACHIO 48 PCS/ 2.75 LBS TRAY," $41,50 "
723,MODA,MODA BAKLAVA W/ DOUBLE PISTACHIO 72 PCS/ 6 LBS TRAY," $52,00 "
724,MODA,MODA ICE CREAM PLAIN 12/16 OZ 6 SLICES," $96,00 "
725,MODA,MODA CHURRO HALKA TATLI 12/16 OZ 6 PCS RETAIL," $60,00 "
726,MODA,MODA COLD MILKY BAKLAVA W/HAZELNUT 48 PCS 7.8 LBS," $45,00 "
727,MODA,MODA COLD MILKY BAKLAVA W/PISTACHIO 48 PCS 7.8 LBS," $59,00 "
728,MODA,MODA COLD MILKY KATAIFI W/PISTACHIO 7.5 LBS," $49,50 "
729,MODA,MODA TURKISH PASTIRMA SLICED 24/6 OZ," $295,00 "
730,MODA,MODA SUJUK MILD 12/1 LB," $113,80 "
731,MODA,MODA SUJUK HOT 12/1 LB," $113,80 "
732,MODA,MODA CRUNCHY BISCUIT LOTUS CHEESECAKE PRE-SLICED 6 CAKES OF 12 SLICES," $179,00 "
733,MODA,MODA DIYARBAKIR KADAYIF W/PISTACHIO 16/4 PCS RETAIL PACK," $153,60 "
734,MODA,MODA DIYARBAKIR KATAIFI W/PISTACHIO 5.5 LBS TRAY," $66,00 "
735,MODA,MODA DOUBLE PISTACHIO BAKLAVA TO GO PACK 24/198 GR," $123,50 "
736,MODA,MODA EKMEK KATAIFI RETAIL PACK 16/12 OZ," $84,00 "
737,MODA,MODA FIG SHAPE BAKLAVA W/WALNUT 70 PCS/6.2 LBS," $44,75 "
738,MODA,MODA HALEP BURMA KATAIFI W/PISTACHIO 4.5 LBS," $69,00 "
739,MODA,MODA HALVA CLASSIC 12/16 OZ," $46,80 "
740,MODA,MODA HALVA COCOA 12/16 OZ," $46,80 "
741,MODA,MODA HALVA PISTACHIO 12/16 OZ," $69,80 "
742,MODA,MODA HAZELNUT NUTELLA CHEESECAKE PRE-SLICED 6 CAKES OF 12 SLICES," $179,00 "
743,MODA,MODA KATAIFI W/PISTACHIO 16/2 PCS RETAIL PACK," $99,80 "
744,MODA,MODA KATAIFI W/PISTACHIO 5.5 LBS TRAY," $48,00 "
745,MODA,MODA KATMER W/PISTACHIO 20 PCS," $49,00 "
746,MODA,MODA INEGOL KOFTE 16/14.4 OZ," $108,00 "
747,MODA,MODA KUNEFE PISTACHIO W/SYRUP 20/150 GR," $70,00 "
748,MODA,MODA KUNEFE W/SYRUP 20/145 GR," $60,00 "
749,MODA,MODA MUSSEL SHAPE BAKLAVA W/PISTACHIO 80 PCS/5.5 LBS TRAY," $66,00 "
750,MODA,MODA OREO CREAM COCOA CAKE PRE-SLICED 6 CAKES OF 12 SLICES," $179,00 "
751,MODA,MODA PEANUT CAKE PRE-SLICED 6 CAKES OF 12 SLICES," $179,00 "
752,MODA,MODA BAKLAVA ROLL W/PISTACHIO 16/11 OZ RETAIL PACK," $202,00 "
753,MONTANA,MONTANA FROZEN ARTICHOKE 20/400 GR," $68,95 "
754,MONTANA,MONTANA MOLOKHIA MINCED 20/400 GR," $31,95 "
755,MONTANA,MONTANA MOLOKHIA LEAVES 20/400 GR," $50,95 "
756,MONTANA,MONTANA FROZEN VEGETABLES 20/400 GR," $34,95 "
757,MONTANA,MONTANA FROZEN SPINACH 20/400 GR," $32,95 "
758,MONTANA,MONTANA FROZEN DOUBLE PEELED GREEN FAVA 20/400 GR," $48,95 "
759,MONTANA,MONTANA FROZEN PEAS 20/400 GR," $43,95 "
760,MONTANA,MONTANA FROZEN GREEN FAVA 20/400 GR," $42,95 "
761,MONTANA,MONTANA FROZEN KOLKAS 20/400 GR," $47,95 "
762,MONTANA,MONTANA FROZEN OKRA #0 20/400 GR," $81,95 "
763,MONTANA,MONTANA FROZEN OKRA #1 20/400 GR," $45,95 "
764,MONTANA,MONTANA FROZEN PEAS & CARROTS 20/400 GR," $36,50 "
765,OTHER,MOROCCAN DRY BLACK OLIVES LARGE 20/2 LB," $126,00 "
766,OTHER,MORTADELLA W/OLIVES SLICED 10 LB," $65,00 "
767,MOSUL,MOSUL KUBBA (KUBBA OF WHEAT) 2 PCS/BAG 10 BAGS/CASE," $116,00 "
768,MOUSSY,MOUSSY STRAWBERRY 24/330 ML," $28,00 "
769,MOUSSY,MOUSSY APPLE 24/330 ML," $28,00 "
770,MOUSSY,MOUSSY ICEBERRY 24/330 ML," $28,00 "
771,MOUSSY,MOUSSY LEMON/MINT 24/330 ML," $28,00 "
772,MOUSSY,MOUSSY PEACH 24/330 ML," $28,00 "
773,MOUSSY,MOUSSY POMEGRANATE 24/330 ML," $28,00 "
774,MOUSSY,MOUSSY RASPBERRY 24/330 ML," $28,00 "
775,MOUSSY,MOUSSY PLAIN 24/330 ML," $28,00 "
776,OTHER,MR. NUT CAROB 12/400 GR," $69,00 "
777,OTHER,MR. NUT DRIED APRICOT 24/8 OZ," $82,00 "
778,MUKALLA,MUKALLA TUNA OLIVE OIL 48/6.5 OZ," $135,00 "
779,MUKALLA,MUKALLA TUNA W/CHILI 48/6.5 OZ," $130,00 "
780,OTHER,MUMTAZ TEA RED PACK 24/16 OZ," $216,00 "
781,OTHER,NABEEL AIR FRESHENER 6 PCS," $20,00 "
782,OTHER,NADER BARAKAT SOAP 10/4 PCS," $48,00 "
783,NAJJAR,NAJJAR COFFEE WITH CARDAMOM 10/450 GR," $89,00 "
784,NAJJAR,NAJJAR COFFEE WITH CARDAMOM 20/200 GR," $83,00 "
785,NAJJAR,NAJJAR COFFEE 20/200 GR," $82,00 "
786,NAJJAR,NAJJAR COFFEE 10/450 GR," $88,00 "
787,NAZU'S,NAZU'S PERSIAN TEA 24/450GR," $242,00 "
788,OTHER,NEMAH BLACK HONEY 12/1 LB," $39,00 "
789,NESCAFE,NESCAFE 3 IN 1 24 PCS," $6,75 "
790,NESTLE,NESTLE DAMAK CHOCOLATE 6/60 GR," $11,40 "
791,NESTLE,NESTLE KITKAT 24/4 FINGERS," $21,00 "
792,NESTLE,NESTLE SMARTIES 24/38 GR," $27,00 "
793,NIDO,NIDO MILK POWDER HOLLAND 6/2500 GR," $244,00 "
794,NIDO,NIDO MILK POWDER HOLLAND 6/1800 GR," $215,00 "
795,NIDO,NIDO MILK POWDER HOLLAND 24/400 GR," $230,00 "
796,NIDO,NIDO MILK POWDER HOLLAND 12/900 GR," $230,00 "
797,NOON,NOON CURRY VEGETABLE SOUP 12/56 GR," $14,00 "
798,NOON,NOON JELLO ORANGE 12/85 GR," $11,00 "
799,NOON,NOON VEGETABLE SOUP 12/56 GR," $14,00 "
800,NOON,NOON ONION SOUP 12/65 GR," $14,00 "
801,NOON,NOON MUSHROOM SOUP 12/65 GR," $14,00 "
802,NOON,NOON LENTIL SOUP 12/65 GR," $14,00 "
803,NOON,NOON JELLO RASPBERRY 12/85 GR," $11,00 "
804,NOON,NOON CHICKEN SOUP 12/70 GR," $14,00 "
805,NOON,NOON BAKING POWDER 24/230 GR," $62,00 "
806,NOON,NOON COCOA POWDER 24/100 GR," $69,80 "
807,NOON,NOON CUSTARD 24/300 GR CANS," $63,80 "
808,NOON,NOON CREM CARAMEL 12/73 GR," $12,50 "
809,NOON,NOON JELLO APRICOT 12/85 GR," $11,00 "
810,NOON,NOON JELLO BANANA 12/85 GR," $11,00 "
811,NOON,NOON JELLO CHERRY 12/85 GR," $11,00 "
812,NOON,NOON JELLO GRAPE 12/85 GR," $11,00 "
813,NOON,NOON JELLO MANGO 12/85 GR," $11,00 "
814,NOON,NOON VANILLA POWDER 24/170 GR," $62,00 "
815,NOON,NOON TOPPING CREAM 24/144 GR," $73,80 "
816,NOON,NOON JELLO STRAWBERRY/BANANA 12/85 GR," $11,00 "
817,NOON,NOON JELLO STRAWBERRY 12/85 GR," $11,00 "
818,NOON,NOON JELLO APPLE 12/85 GR," $11,00 "
819,NOUR,NOUR LUPINI IN JAR  6/1KG," $20,80 "
820,NOUR,NOUR SPLIT FAVA BEANS 20/400 GR," $36,00 "
821,NOUR,NOUR WHEAT BRAN FINE 24/200 GR," $27,00 "
822,NOUR,NOUR HIBISCUS 20/50 GR," $32,00 "
823,NOUR,NOUR BRAN BREAD 5 BAGS," $16,00 "
824,NOUR,NOUR WHEAT BRAN COARSE 24/200 GR," $27,00 "
825,NOUR,NOUR ROMI CHEESE WHEEL PER LB," $6,25 "
826,OTHER,OM ALI W/KESHTA 6/449 GR," $13,00 "
827,OTHER,OM ALI W/NUTS 6/160 GR," $13,00 "
828,ONCU,ONCU BLACK OLIVES XL 6/1KG," $72,00 "
829,ORLANDO,ORLANDO GRAPE LEAVES 12/16 OZ," $92,80 "
830,ORLANDO,ORLANDO GRAPE LEAVES PAIL 25 LBS," $155,00 "
831,PASABAHCE,PASABAHCE TEA GLASS INCE BELLI NAZAR BONCUKLU 6PCS," $12,00 "
832,PASABAHCE,PASABAHCE TEA SAUCERS 6 PCS/SET," $6,80 "
833,OTHER,PAYNA PISTACHIO BAKLAVA SINGLE SERVE 48/32 GR," $44,00 "
834,OTHER,PAYNA WALNUT BAKLAVA SINGLE SERVE 48/32 GR," $36,00 "
835,OTHER,PENGUEN STRAWBERRY PRESERVE 6/1500 GR," $67,00 "
836,OTHER,PENGUEN SOUR CHERRY PRESERVE 6/1500 GR," $78,00 "
837,OTHER,PENGUEN APRICOT PRESERVE 6/1500 GR," $52,00 "
838,OTHER,PEPSI IRAQI 24/300 ML," $22,00 "
839,PINDOS,PINDOS HALLOUMI 24/200 GR," $85,00 "
840,OTHER,PISTACHIO RAW HALVES & PIECES 30 LBS," $330,00 "
841,PUCK,PUCK CREAM CHEESE 6/910 GR," $109,80 "
842,PUCK,PUCK CREAM 48/6 OZ CANS," $129,80 "
843,PUCK,PUCK CREAM CHEESE 6/500 GR," $65,80 "
844,OTHER,QUALITY STREET CHOCOLATES 4/900 GR GIFT TIN," $77,00 "
845,OTHER,QUEEN ONION PICKLES 12/950 G JAR," $34,00 "
846,OTHER,QUEEN ONION PICKLES SPICY 12/950 G JAR," $39,00 "
847,OTHER,QUEEN SLICED TURNIP PICKLES 12/950 GR," $39,00 "
848,OTHER,QUEEN SLICED TURNIP PICKLES 22 LBS," $39,00 "
849,OTHER,QUEEN SUPER SEEDS 20/250 GR," $102,00 "
850,OTHER LENTIL,RED LENTIL 55 LBS," $59,95 "
851,REEF,REEF CUCUMBER PICKLES 12/1000 GR," $48,00 "
852,REEF,REEF GREEN KALAMATA OLIVES 12/900 GR," $62,40 "
853,REEF,REEF MAKDOOS (STUFFED EGGPLANT ) PICKLES 12/900 GR," $93,60 "
854,REEF,REEF DATE SYRUP 12/900 GR," $54,60 "
855,REEF,REEF RED PEPPER PASTE HOT 12/600 GR," $54,00 "
856,REEF,REEF DATE PASTE 12/1 KG," $36,00 "
857,REEF,REEF EX LARGE FAVA BEANS 24/1 LB," $78,00 "
858,REEF,REEF DUBAI CHOCOLATE 10/95 GR," $54,00 "
859,REEF,REEF TURNIP PICKLES 37 LBS," $48,00 "
860,REEF,REEF STUFFED GRAPE LEAVES 6/2 KG," $44,50 "
861,REEF,REEF SELA BASMATI RICE 40 LBS," $49,00 "
862,REEF,REEF ORGANIC PITTED DATES 12/24 OZ," $49,80 "
863,REEF,REEF PISTACHIO CREAM 30%  2/11 LBS," $196,00 "
864,REEF,REEF SAGEI DATES 8/1 KG VACUUM," $42,00 "
865,REEF,REEF INSTANT DRINK POWDER 15/1 KG," $72,00 "
866,REEF,REEF JUICE CAN MANGO 24/240 ML," $14,50 "
867,REEF,REEF JUICE CAN ORANGE 24/240 ML," $14,50 "
868,REEF,REEF JUICE CAN PEACH 24/240 ML," $14,50 "
869,REEF,REEF JUICE CAN PINEAPPLE 24/240 ML," $14,50 "
870,REEF,REEF SELA BASMATI RICE 4/10 LBS," $50,00 "
871,REEF,REEF JUICE CAN POMEGRANATE 24/240 ML," $15,80 "
872,REEF,REEF VERMICELLI 24/400 GR," $27,00 "
873,REEF,REEF TURNIP PICKLES 6/1600 GR," $38,40 "
874,REEF,REEF SEMOLINA COARSE 24/24 OZ," $48,00 "
875,REEF,REEF DATE SYRUP ORGANIC 12/680 GR," $58,50 "
876,REEF,REEF BROWN LENTILS 24/24 OZ," $75,00 "
877,REEF,REEF CHICKPEAS 6/#10 CANS," $39,00 "
878,REEF,REEF WILD CUCUMBER PICKLES 12/900 GR," $48,00 "
879,REEF,REEF SEMOLINA FINE 24/24 OZ," $48,00 "
880,REEF,REEF SELA BASMATI RICE 2/20 LBS," $49,00 "
881,REEF,REEF ASSORTED PREMIUM CHOCOLATE  6/610 GR," $54,60 "
882,REEF,REEF CORNICHON CUCUMBER PICKLES 12/900 GR," $59,00 "
883,REEF,REEF CORN STARCH 40/250 GR," $58,50 "
884,REEF,REEF COCONUT 24/340 GR," $74,00 "
885,REEF,REEF CHICKPEAS IN CAN 12/400 GR," $16,00 "
886,REEF,REEF BROAD BEANS 12/420 GR," $24,00 "
887,REEF,REEF BLACK DRY LEMON  ( JUMBO ) 24/8 OZ," $89,00 "
888,REEF,REEF BABA GHANNOUGE 24/370 GR," $36,00 "
889,REEF,REEF GOLDEN RAISINS 24/340 GR," $84,00 "
890,REEF,REEF BLACK KALAMATA OLIVES 12/900 GR," $58,00 "
891,REEF,REEF HUMMUS TAHINI 24/380 GR," $29,50 "
892,REEF,REEF INSTANT MILK POWDER 6/2500 GR," $155,00 "
893,REEF,REEF AMARDEEN 25/330 GR," $66,00 "
894,REEF,REEF KASHTA CAN 48/170 GR," $68,00 "
895,REEF,REEF OLIVE OIL 4/3 LT," $58,00 "
896,REEF,REEF STUFFED GRAPE LEAVES 24/400 GR," $45,00 "
897,REEF,REEF YELLOW  DRY LEMON 24/8 OZ," $84,00 "
898,REEF,REEF PISTACHIO CREAM 30% 12/200 GR," $66,00 "
899,REEF,REEF INSTANT MILK POWDER 12/900 GR," $148,00 "
900,REEF,REEF TURKISH DELIGHT 12/450 GR," $45,00 "
901,RODOPA,RODOPA BULGARIAN FETA 12/2 LB," $119,80 "
902,RODOPA,RODOPA BULGARIAN FETA 12/400 GR," $66,80 "
903,OTHER,ROYAL BENGAL TIGER SELA RICE 2/20 LB," $59,80 "
904,OTHER,ROYAL HALAL CHICKEN LUNCHEON 24/12 OZ," $72,00 "
905,OTHER,ROYAL DIET HERBAL TEA 36/50 TB," $118,00 "
906,OTHER,RUKAK AL SALAM 10/400 GR," $39,00 "
907,SADAF,SADAF KASHK LIQUID 12/16 OZ," $99,80 "
908,SADAF,SADAF CHICK PEA FLOUR FINE 12/16 OZ," $33,80 "
909,SADAF,SADAF CHICK PEA FLOUR COARSE 12/16 OZ," $33,80 "
910,SADAF,SADAF SP. BL. EARL GREY TEA 12/100 TB," $114,80 "
911,SADAF,SADAF SP. BL. TEA EARL GREY  24/50 TB," $116,80 "
912,SADAF,SADAF SP. BL.CARDAMOM TEA12/100 TB," $114,80 "
913,SADAF,SADAF SP. BL.EARL GREY TEA 24/16 OZ," $259,00 "
914,SADAF,SADAF SP.BL.CARDAMOM TEA 24/16 OZ," $259,00 "
915,SADAF,SADAF TOMATO PASTE JAR 12/700 G," $42,00 "
916,SADAF,SADAF GHORMEH SABZI HERBS FRIED - FROZEN 12/12 OZ," $104,00 "
917,SADAF,SADAF SABZI AASH 24/2 OZ," $94,80 "
918,SADAF,SADAF RESHTEH NOODLE FOR AASH 40/12 OZ," $76,80 "
919,SADAF,SADAF SABZI DOLMEH 24/2 OZ," $94,80 "
920,SADAF,SADAF SABZI GHORMEH 24/2 OZ," $94,80 "
921,SADAF,SADAF SABZI KOOFTEH 24/2 OZ," $94,80 "
922,SADAF,SADAF JASMINE RICE 4/10 LB," $62,80 "
923,SADAF,SADAF EGGPLANT IKRA RUSSIAN STYLE 12/19 OZ," $42,00 "
924,SADAF,SADAF CARDAMOM GROUND 12/0.75 OZ," $48,00 "
925,SADAF,SADAF CARDAMOM GREEN 12/0.75 OZ," $48,00 "
926,SADAF,SADAF MINT WATER 12/300 ML," $49,40 "
927,SADAF,SADAF ROCK CANDY WHITE FILBERT 20/12 OZ," $57,40 "
928,SADAF,SADAF SABZI POLO 24/2 OZ," $94,80 "
929,SADAF,SADAF SAFFRON 12/1 GR," $72,00 "
930,SADAF,SADAF SP. BL. CARDAMON TEA 24/50 TB," $116,80 "
931,SADAF,SADAF YELLOW SPLIT PEAS HARD ( SLOW COOK ) 24/16 OZ," $42,00 "
932,SADAF,SADAF YELLOW SPLIT PEAS 24/24 OZ," $52,80 "
933,SADAF,SADAF RESHTEH POLO 20/8 OZ," $52,80 "
934,SADAF,SADAF SABZI KOOKOO 24/2 OZ," $94,80 "
935,SADAF,SADAF ROCK CANDY YELLOW FILBERT 20/12 OZ," $54,80 "
936,OTHER,SAFAWI DATES 8/1 KG," $95,00 "
937,OTHER,SAHTEIN BROWN LENTILS 12/2 LBS," $24,00 "
938,OTHER,SALAH EL DIN SESAME 20/250 GR," $45,00 "
939,OTHER,SALAM SAMOSA SHEETS 24/400 GR," $68,00 "
940,OTHER,SALAMI PLAIN SLICED 10 LBS," $65,00 "
941,OTHER,SALTED FISH ( FESIKH ) PER LB," $18,50 "
942,SARIKIZ,SARIKIZ MINERAL WATER 24/250 ML," $8,95 "
943,SARIKIZ,SARIKIZ MINERAL WATER APPLE 24/200 ML," $12,00 "
944,SARIKIZ,SARIKIZ MINERAL WATER POMEGRANATE 24/200 ML," $12,00 "
945,SARIKIZ,SARIKIZ MINERAL WATER WATERMELON/STRAWBERRY 24/200 ML," $12,00 "
946,SARIKIZ,SARIKIZ MINERAL WATER LEMON 24/200 ML," $12,00 "
947,OTHER,SAUDI KHALAS DATES W/SESAME 8/1 KG," $45,00 "
948,SCHWEPPES,SCHWEPPES PINEAPPLE DRINK 12/250 ML GLASS," $12,00 "
949,SCHWEPPES,SCHWEPPES LEMON/MINT DRINK 12/250 ML GLASS," $14,50 "
950,SCHWEPPES,SCHWEPPES BITTER LEMON  24/330 ML CANS," $24,00 "
951,SCHWEPPES,SCHWEPPES TANGERINE FLAVOR 24/330 ML CANS," $24,00 "
952,SCHWEPPES,SCHWEPPES POMEGRANATE DRINK 24/330 ML CANS," $24,00 "
953,OTHER,SELAM PISTACHIO KATAIFI 5.5 LBS," $39,80 "
954,OTHER,SELAM WALNUT BAKLAVA 72 PCS 5.5 LBS," $34,00 "
955,OTHER,SELAM PISTACHIO BAKLAVA 72 PCS 5.5 LBS," $41,80 "
956,OTHER,SELAM CARROT SLICE BAKLAVA W/PISTACHIO 16 PCS TRAY," $39,00 "
957,OTHER,SESAME CANDY WHEEL PER PC," $2,00 "
958,OTHER,SHAHIA DRIED FIGS 48/8 OZ," $109,80 "
959,OTHER,SHAN SPICE MIXES 12 DOZENS," $253,95 "
960,SHANI,SHANI DRINK 24/300 ML CANS," $21,00 "
961,OTHER,SHIRIN YASHA'S ZOLBIA + BAMIEH 24/16 OZ," $189,00 "
962,OTHER,SINALCO IRAQI SODA CITO 24/300 ML," $24,00 "
963,OTHER,SINALCO IRAQI SODA ORANGE 24/300 ML," $24,00 "
964,OTHER,SINALCO IRAQI COLA 24/330 ML," $24,00 "
965,OTHER,SINALCO IRAQI SODA LEMON 24/300 ML," $24,00 "
966,OTHER,SIRMA MINERAL WATER 24/200 ML," $8,95 "
967,OTHER,SIRMA MINERAL WATER TANGERINE 24/200 ML," $12,00 "
968,OTHER,SIRO DIGESTIVE COOKIES 20/14 OZ," $37,80 "
969,OTHER,SLICED DONER 4/5 LB," $198,00 "
970,OTHER,SMOKED HERRING RINGA PER LB," $6,75 "
971,OTHER,SNICKERS 40/50 GR," $34,00 "
972,OTHER,SOGOL DRIED LIME 24/6 OZ," $96,00 "
973,OTHER,SPLIT FAVA BEANS MEDIUM 50 LBS," $52,00 "
974,SPYSI,SPYSI SPICE MIX SHISH TAWOOK 48/90 G BOX," $120,00 "
975,SPYSI,SPYSI SPICE MIX HAWAWSHY 48/90 G BOX," $120,00 "
976,SPYSI,SPYSI SPICE MIX KOFTA 48/90 G BOX," $120,00 "
977,OTHER,STAINLESS STEEL TEA KETTLE 1 LT," $9,95 "
978,OTHER,STAINLESS STEEL TEA KETTLE 2 LT," $11,90 "
979,OTHER,STAINLESS STEEL TEA KETTLE 3 LT," $14,50 "
980,SUHAGY,SUHAGY WHITE BEANS 20/400 GR," $42,00 "
981,SUHAGY,SUHAGY RADDA WHEAT SHELL FINE 20/200 GR," $30,00 "
982,SUHAGY,SUHAGY LUPINI BEANS 20/500 GR," $42,00 "
983,SUHAGY,SUHAGY COCONUT 20/250 GR," $68,75 "
984,OTHER,SUKKARI KASEEM DATES 4/3 KG," $98,00 "
985,OTHER,SUKKARI AL KASEEM DATES ROUND 10/1 KG," $98,00 "
986,OTHER,SUMAC GROUND 25 LBS," $78,00 "
987,OTHER,SUMAC GROUND 50 LBS," $136,00 "
988,OTHER,SUN COLA 24/250 ML," $18,00 "
989,OTHER,SUN TOP ORANGE  24/250 ML," $18,00 "
990,OTHER,SUN TOP MIX FRUIT  24/250 ML," $18,00 "
991,TAMEK,TAMEK TOMATO PASTE 12/720ML GLASS," $36,00 "
992,TAYAS,TAYAS MAGIC ASSORTMENT 6/705 GR," $62,50 "
993,TAYAS,TAYAS DAMLA MIX CANDY 8/800 GR PVC," $39,00 "
994,TEHMAR,TEHMAR EXTRA VIRGIN OLIVE OIL 4/3 LT," $136,00 "
995,TEHMAR,TEHMAR POMEGRANATE SAUCE 12/500 ML," $24,00 "
996,OTHER,THE SCENT AIR FRESHENER 6 PCS," $20,00 "
997,OTHER,THERMOS FLASK  EXTRA FANCY 1L," $21,00 "
998,OTHER,TIGER CHIPS 6/200 GR," $23,00 "
999,OTHER,TIK TIK INSTANT KOSHARY 24/188 GR CUP," $42,00 "
1000,TOBLERONE,TOBLERONE MILK CHOCOLATE 20/100 GR," $36,00 "
1001,TRIA,TRIA AL BELBOULA 15/1 KG," $44,80 "
1002,TRIA,TRIA NOODLES 12/500 GR," $25,80 "
1003,TRIA,TRIA COUSCOUS FINE 12/1 KG," $39,80 "
1004,TRIA,TRIA COUSCOUS MEDIUM 12/1 KG," $39,80 "
1005,TYJ SPRING,"TYJ SPRING ROLL 8"" 40/25 PCS"," $55,00 "
1006,ULKER,ULKER DARK CHOC. W/PISTACHIOS 6/80 GR," $14,80 "
1007,ULKER,ULKER CHOC. W/PISTACHIOS 6/70 GR," $16,80 "
1008,ULKER,ULKER BISKREM COCOA 12/205GR," $27,00 "
1009,ULKER,ULKER TEA BISCUITS 5/1KG," $19,95 "
1010,ULKER,ULKER TEA BISCUITS 10/400 GR," $19,80 "
1011,ULKER,ULKER TEA BISCUIT 16/175GR," $16,80 "
1012,ULKER,ULKER HALLEY BISCUIT 12/300GR," $37,00 "
1013,ULKER,ULKER FINGER COOKIES 5/750 GR," $24,80 "
1014,ULKER,ULKER CHOCO SANDWICH 12/300GR," $29,00 "
1015,ULKER,ULKER ALBENI RING 12/344GR," $46,00 "
1016,ULUDAG,ULUDAG PLAIN GAZOZ 24/330ML," $24,00 "
1017,VALBRESO,VALBRESO 8/600 GR," $84,80 "
1018,OTHER,VEGETA CAN 24/250 GR," $66,00 "
1019,OTHER,VEGIE TURK MINCED MOLOKHIA 20/400 GR," $22,00 "
1020,OTHER,VEGIE TURK OKRA #0 20/400 GR," $45,00 "
1021,VIMTO,VIMTO CANS 24/355 ML," $21,50 "
1022,VIMTO,VIMTO SYRUP - SAUDI 12/24 OZ," $69,00 "
1023,OTHER,VITRAC TAMERHINDY CONCENTRATE 12/0.7 LT," $45,00 "
1024,OTHER,VITRAC APRICOT CONCENTRATE 12/0.7 LT," $45,00 "
1025,OTHER,WELLMADE MULTIFLOWER HONEY IN JAR 12/450 GR," $39,00 "
1026,OTHER,YORUKSUT KAYMAK KASHTA 24/100 GR," $68,00 "
1027,OTHER,ZALLOUM LIQUID JAMEED (500 GR X 2) X 8 PCS," $72,00 "
1028,OTHER,ZAM ZAM WATER 12/500 ML," $32,80 "
1029,OTHER,ZIYAD MEDJOOL DATES LARGE 11 LBS," $57,60 "
1030,OTHER,ZIYAD SEMOLINA FINE 12/32 OZ," $38,00 "
1031,OTHER,ZIYAD SEMOLINA COARSE 12/32 OZ," $43,50 "
1032,OTHER,ZIYAD CRACKED WHEAT #3 12/2 LBS," $37,00 "
1033,OTHER,ZIYAD CRACKED WHEAT #4 12/2 LBS," $37,00 "
1034,OTHER,ZIYAD CRACKED WHEAT #2 12/2 LBS," $37,00 "
1035,OTHER,ZIYAD CRACKED WHEAT #1 12/2 LBS," $37,00 "
1036,OTHER,ZIYAD BAKING DATES 24/13 OZ," $63,80 "
1037,OTHER,ZIYAD HALAL WHITE MARSHMALLOWS 24/8.82 OZ," $46,00 "
1038,OTHER,ZNABILI SOAP 6/4 PCS," $29,00 "
1039,OTHER,ZNABILI SOAP 50 PCS," $58,00 "
1040,OTHER,ZWAN CHICKEN LUNCHEON HALAL 24/12 OZ," $89,50 "
